DateTime,component_type,fixed_date,ambient_temperature (°C),irradiance (W/m²),humidity (%),device_temperature (°C),output_current (A),output_voltage (V),maintenance_frequency (times/year)
10/14/2024 0:00,Battery,1/26/2023 0:00,24,516.77,76.47,40.55,14.4,16.31,2
10/14/2024 1:00,Inverter,5/18/2015 0:00,23.35,434.59,55.65,48.65,7.48,40.9,2
10/14/2024 2:00,Solar Panel,2/9/2021 0:00,22.09,605.47,72.84,42.81,20.57,20.89,4
10/14/2024 3:00,Battery,9/15/2018 0:00,32.73,562.15,57.41,55.15,16.17,44.39,3
10/14/2024 4:00,Battery,10/3/2022 0:00,34.13,979.85,61.15,55.31,24.45,44.79,2
10/14/2024 5:00,Inverter,2/19/2020 0:00,20.63,734.63,58.75,25.35,10.51,45.96,3
10/14/2024 6:00,Solar Panel,4/20/2023 0:00,38.72,608.37,57.31,52.23,9.11,30.73,4
10/14/2024 7:00,Solar Panel,3/10/2015 0:00,21.04,748.28,83.03,41.13,15.16,36.38,4
10/14/2024 8:00,Battery,2/6/2022 0:00,30.83,483.52,61.43,59.61,28.16,40.03,3
10/14/2024 9:00,Charge Controller,10/1/2020 0:00,34.18,666.43,87.08,41.91,22.76,16.72,4
10/14/2024 10:00,Battery,1/13/2019 0:00,37.42,775.74,88.8,59.54,15.47,33.63,3
10/14/2024 11:00,Battery,7/24/2015 0:00,34.28,693.34,72.85,51.41,17.93,13.23,3
10/14/2024 12:00,Battery,12/13/2020 0:00,36.03,641.07,55.72,33.7,7.11,29.91,2
10/14/2024 13:00,Battery,2/12/2015 0:00,26.79,996.31,64.98,43.84,29.61,17.57,2
10/14/2024 14:00,Inverter,3/21/2020 0:00,36.3,928.19,81.91,59.72,21.66,18.59,2
10/14/2024 15:00,Solar Panel,11/28/2020 0:00,21.6,774.04,64.7,55.01,12.14,25.14,4
10/14/2024 16:00,Inverter,1/30/2017 0:00,37.9,741.63,53.48,28.41,19.65,27.57,3
10/14/2024 17:00,Inverter,11/29/2023 0:00,30.95,772.4,72.27,49.72,7.74,34.43,4
10/14/2024 18:00,Inverter,12/5/2022 0:00,36.35,520.79,83.8,37.1,29.15,14.68,3
10/14/2024 19:00,Battery,11/12/2020 0:00,29.05,637.08,81.84,25.24,9.37,30.13,2
10/14/2024 20:00,Charge Controller,6/17/2020 0:00,32.87,423.68,57,39.12,21.2,18.57,2
10/14/2024 21:00,Solar Panel,4/19/2020 0:00,30.53,685.33,76.91,33.22,11.14,32.66,4
10/14/2024 22:00,Charge Controller,6/18/2017 0:00,34.63,725.81,58.82,53.66,22.94,34.95,3
10/14/2024 23:00,Inverter,12/26/2015 0:00,21.63,536.65,58.73,36.81,24.42,32.04,2
10/15/2024 0:00,Inverter,1/26/2023 0:00,21.21,978.42,84.96,53.96,21.84,38.58,3
10/15/2024 1:00,Charge Controller,9/16/2019 0:00,24.94,945.67,59.99,25.02,20.36,24.08,2
10/15/2024 2:00,Charge Controller,10/8/2015 0:00,23.19,833.29,60.53,35.77,27.31,39.54,3
10/15/2024 3:00,Charge Controller,12/11/2023 0:00,37.44,720.03,50.03,33.44,6.97,27.58,3
10/15/2024 4:00,Inverter,3/2/2020 0:00,24.38,921.98,84.83,33.17,13.27,29.43,4
10/15/2024 5:00,Inverter,12/11/2023 0:00,39.52,478.39,81.7,27.39,11.21,35.33,2
10/15/2024 6:00,Solar Panel,10/28/2016 0:00,26.74,874.31,75.09,31.55,29.7,12.66,4
10/15/2024 7:00,Solar Panel,4/3/2015 0:00,23.64,474.89,80.01,44.44,14.73,35.54,4
10/15/2024 8:00,Inverter,11/2/2016 0:00,35.79,876.53,56.08,35.2,23.32,34.27,4
10/15/2024 9:00,Charge Controller,5/23/2020 0:00,33.17,565.46,68.33,39.61,22.12,23.15,4
10/15/2024 10:00,Charge Controller,3/2/2015 0:00,29.96,926.25,64.05,38.19,10.3,15.09,2
10/15/2024 11:00,Solar Panel,5/5/2022 0:00,31.11,966.43,53.75,55.66,10.97,15.27,4
10/15/2024 12:00,Inverter,7/20/2023 0:00,34.38,489.28,69.45,56.69,12.03,45.24,3
10/15/2024 13:00,Solar Panel,10/25/2017 0:00,24.57,677.61,86.83,42.25,15.28,36.81,4
10/15/2024 14:00,Solar Panel,1/29/2019 0:00,39.93,988.59,51.6,36.56,10.86,16.58,4
10/15/2024 15:00,Battery,8/26/2016 0:00,39.5,690.04,61.66,28.74,5.49,24.84,2
10/15/2024 16:00,Battery,11/12/2016 0:00,33.01,918.13,58.3,58.37,26.98,33.33,2
10/15/2024 17:00,Battery,1/25/2022 0:00,23.99,753.24,59.53,27.11,29.14,42.08,3
10/15/2024 18:00,Charge Controller,11/29/2018 0:00,33.6,625.2,86.34,35.42,13.54,13.57,4
10/15/2024 19:00,Inverter,11/25/2022 0:00,21.44,571.47,68.72,35.43,13.46,20.52,4
10/15/2024 20:00,Inverter,5/16/2022 0:00,20.61,521.93,68.65,36.21,5.18,44.03,4
10/15/2024 21:00,Inverter,3/30/2021 0:00,25.15,857.08,80.42,30.75,22.01,12.33,3
10/15/2024 22:00,Inverter,6/7/2016 0:00,29.25,631.92,56.18,52.41,25.64,19.25,4
10/15/2024 23:00,Battery,7/21/2021 0:00,37.37,706.77,69.49,29.29,8.67,46.52,3
10/16/2024 0:00,Charge Controller,7/15/2023 0:00,34.54,695.4,67.2,47.22,8.99,34.08,4
10/16/2024 1:00,Charge Controller,2/6/2022 0:00,34.85,746.37,73.88,29.33,24.75,21.42,2
10/16/2024 2:00,Battery,5/22/2020 0:00,28.51,919.35,89.98,27.47,20.41,14.41,2
10/16/2024 3:00,Charge Controller,1/6/2018 0:00,26.92,988.44,80.78,56.83,6.12,13.01,2
10/16/2024 4:00,Battery,10/20/2019 0:00,27.42,644.55,65.91,31.65,20.56,20.81,2
10/16/2024 5:00,Inverter,1/11/2020 0:00,39.75,896.51,83.1,53.74,12.72,43.73,2
10/16/2024 6:00,Battery,8/11/2023 0:00,20.8,858.72,56.83,44.06,14.22,26.97,3
10/16/2024 7:00,Inverter,10/12/2022 0:00,37.34,744.12,51.22,27.72,24.24,37.93,3
10/16/2024 8:00,Inverter,4/15/2021 0:00,31.57,973.63,58.18,58.44,25.27,45.06,2
10/16/2024 9:00,Solar Panel,9/25/2020 0:00,28.77,520.28,63.62,33.64,15.01,26.69,4
10/16/2024 10:00,Battery,2/18/2018 0:00,34.51,465.56,70.42,55.09,28.68,18.89,2
10/16/2024 11:00,Solar Panel,3/11/2021 0:00,29.73,912.38,74.61,30.91,15.16,30.62,4
10/16/2024 12:00,Battery,4/5/2021 0:00,37.47,663.49,86.42,54.89,24.3,44.69,3
10/16/2024 13:00,Battery,12/15/2017 0:00,38.01,908.18,70.39,25.46,17.1,40.96,2
10/16/2024 14:00,Solar Panel,7/25/2021 0:00,28.43,935.85,70.05,42.91,27.44,14.37,4
10/16/2024 15:00,Solar Panel,4/17/2015 0:00,25.54,437.47,52.01,51.93,27.69,36.93,4
10/16/2024 16:00,Battery,11/18/2022 0:00,31.85,930.08,51.4,57.72,7.19,32.59,3
10/16/2024 17:00,Charge Controller,2/17/2015 0:00,38.25,668.99,72.05,56.82,28.41,44.67,3
10/16/2024 18:00,Inverter,12/3/2015 0:00,24.21,706.26,67.53,53.69,25.64,16.41,3
10/16/2024 19:00,Solar Panel,11/15/2017 0:00,32.46,775.96,83.57,56.09,24.78,31.23,4
10/16/2024 20:00,Inverter,10/22/2022 0:00,32.63,955.83,56.43,31.97,10.02,43.66,4
10/16/2024 21:00,Charge Controller,7/4/2018 0:00,34.66,411.47,51,34.95,25.13,26.76,2
10/16/2024 22:00,Charge Controller,8/17/2020 0:00,22.63,686.11,67.96,35.11,26.25,29.35,3
10/16/2024 23:00,Charge Controller,9/16/2016 0:00,34.32,812.63,59.5,38.2,12.23,14.54,3
10/17/2024 0:00,Solar Panel,3/5/2020 0:00,38.18,833.62,51.98,38.77,28.81,22.01,4
10/17/2024 1:00,Charge Controller,6/30/2018 0:00,23.59,815.52,78.98,44.06,6.25,23.68,3
10/17/2024 2:00,Solar Panel,9/12/2019 0:00,24.75,480.66,54.46,30.6,8.75,46.02,4
10/17/2024 3:00,Charge Controller,7/29/2022 0:00,39.43,579.64,74.33,49.19,18.44,22.18,2
10/17/2024 4:00,Inverter,10/30/2015 0:00,23.62,615.23,61.24,30.86,19.39,28.59,3
10/17/2024 5:00,Inverter,9/30/2016 0:00,37.09,882.66,56.94,35.86,21.13,36.17,3
10/17/2024 6:00,Battery,2/25/2015 0:00,29.85,567.26,65.19,42.62,5.42,17.84,2
10/17/2024 7:00,Inverter,12/26/2016 0:00,24.94,526.42,82.06,52.88,29.01,29.51,2
10/17/2024 8:00,Battery,6/9/2016 0:00,37.41,974.47,65.68,50.88,6.11,38.59,2
10/17/2024 9:00,Inverter,4/18/2016 0:00,28.91,405.32,80.03,47.59,8.58,43.21,2
10/17/2024 10:00,Solar Panel,1/28/2015 0:00,30.3,998.69,55.02,30.45,5.35,34.55,4
10/17/2024 11:00,Inverter,10/26/2020 0:00,27.18,806.09,80.91,44.15,19.17,36.09,2
10/17/2024 12:00,Battery,1/1/2024 0:00,31.86,897.08,59.48,28.06,28.31,16.55,2
10/17/2024 13:00,Battery,12/31/2015 0:00,23.27,576.77,77.1,38.21,21.65,46.05,2
10/17/2024 14:00,Charge Controller,6/6/2022 0:00,27.82,408.59,72.63,39.47,25.57,16.77,4
10/17/2024 15:00,Solar Panel,6/9/2016 0:00,39.39,842.72,87.17,26.39,5.33,39.89,4
10/17/2024 16:00,Inverter,7/9/2022 0:00,25.16,900.49,65.49,34.59,18.55,21.53,4
10/17/2024 17:00,Charge Controller,8/28/2018 0:00,33.13,844.29,52.65,58.45,16.49,45.61,4
10/17/2024 18:00,Inverter,6/1/2017 0:00,26.5,485.71,50.77,58.38,17.47,37.92,3
10/17/2024 19:00,Inverter,10/27/2017 0:00,35.47,852.06,83.07,37.33,6.81,39.14,3
10/17/2024 20:00,Charge Controller,10/23/2017 0:00,22.62,861.35,70.99,26.51,22.11,19.89,3
10/17/2024 21:00,Charge Controller,7/5/2019 0:00,39.4,795.12,81.01,31.27,17.58,27.95,2
10/17/2024 22:00,Charge Controller,7/7/2017 0:00,29.08,859.67,59.38,38.73,24.13,34.24,3
10/17/2024 23:00,Charge Controller,8/29/2022 0:00,24.72,907.55,63.8,58.17,17.13,39.72,2
10/18/2024 0:00,Charge Controller,8/7/2021 0:00,21.47,768.16,51.2,29.94,8.73,15.74,4
10/18/2024 1:00,Inverter,11/10/2019 0:00,23.4,453.16,88.46,51.72,21.21,46.65,2
10/18/2024 2:00,Charge Controller,3/12/2019 0:00,30.4,692.58,76.71,28.8,9.31,44.05,2
10/18/2024 3:00,Solar Panel,10/24/2022 0:00,26.74,446.59,87.33,59.34,26.81,21.73,4
10/18/2024 4:00,Battery,8/18/2022 0:00,36.58,644.53,60.62,38.36,20.33,41.62,3
10/18/2024 5:00,Charge Controller,3/21/2020 0:00,28.62,644.26,74.46,52.13,8.93,30.66,3
10/18/2024 6:00,Charge Controller,6/14/2023 0:00,24.97,439.61,77.14,36.99,29.06,28.63,4
10/18/2024 7:00,Inverter,4/30/2018 0:00,32.34,609.29,62.7,46.97,17.96,23.32,4
10/18/2024 8:00,Charge Controller,7/13/2019 0:00,34.14,466.6,83.92,31.72,6.82,32.91,3
10/18/2024 9:00,Charge Controller,4/29/2016 0:00,23.34,884.94,87.89,30.11,20.67,38.28,4
10/18/2024 10:00,Charge Controller,9/6/2020 0:00,23.35,968.61,85.39,57.83,11.33,26.79,4
10/18/2024 11:00,Inverter,12/14/2016 0:00,20.73,443.39,79.56,57.12,25.09,34.65,4
10/18/2024 12:00,Charge Controller,11/28/2017 0:00,34.73,973.07,61.1,56.06,25.45,37.18,3
10/18/2024 13:00,Battery,5/30/2020 0:00,33.28,713.55,61.26,46.89,29.47,37.6,2
10/18/2024 14:00,Inverter,7/20/2018 0:00,29.49,579.74,88.53,53.29,17.55,13.87,2
10/18/2024 15:00,Battery,6/8/2018 0:00,36.88,446.12,50.41,27.42,16.37,42.95,3
10/18/2024 16:00,Inverter,11/3/2020 0:00,36.11,700.37,78.64,36.72,23.84,28.5,2
10/18/2024 17:00,Charge Controller,5/6/2015 0:00,31.71,876.71,78.25,35.98,8.31,21.45,4
10/18/2024 18:00,Battery,10/30/2022 0:00,37.37,824.25,74.91,47.25,18.67,20.7,3
10/18/2024 19:00,Inverter,6/20/2016 0:00,24.12,430.14,89.6,37.46,18.66,29.39,3
10/18/2024 20:00,Solar Panel,1/1/2021 0:00,22.24,443.74,62.48,30.2,7.24,43.93,4
10/18/2024 21:00,Charge Controller,12/28/2023 0:00,25.39,641.72,63.6,45.88,15.45,25.62,3
10/18/2024 22:00,Inverter,9/3/2020 0:00,21.14,577.17,53.16,53.5,26.33,38.99,3
10/18/2024 23:00,Solar Panel,5/23/2019 0:00,30.62,539.43,67.71,38.37,26.4,15.49,4
10/19/2024 0:00,Inverter,3/8/2015 0:00,38.73,568.6,60.44,29.63,7.48,29.14,4
10/19/2024 1:00,Solar Panel,8/21/2015 0:00,20.79,882.09,63.74,31.88,7.27,47.7,4
10/19/2024 2:00,Charge Controller,11/26/2020 0:00,22.44,957.54,83.38,33.31,11.57,39.74,4
10/19/2024 3:00,Battery,3/15/2018 0:00,29.04,643.06,87.42,35.5,26.87,19.58,2
10/19/2024 4:00,Solar Panel,11/28/2020 0:00,38.68,943.67,57.43,47.5,8.22,30.05,4
10/19/2024 5:00,Inverter,3/25/2021 0:00,26.32,592.9,64.9,46.03,23,20.41,3
10/19/2024 6:00,Charge Controller,4/21/2015 0:00,30.14,685.86,87.15,49.36,7.53,26.74,2
10/19/2024 7:00,Solar Panel,2/2/2019 0:00,20.83,535.62,52.47,37.69,20.58,40.08,4
10/19/2024 8:00,Inverter,9/12/2020 0:00,22.97,784.29,53.69,53.84,13.9,39.76,2
10/19/2024 9:00,Inverter,9/14/2016 0:00,39.73,987.39,56.51,32.14,24.72,20.21,3
10/19/2024 10:00,Inverter,8/27/2022 0:00,39.3,762.1,73.81,41.42,10.84,45.2,4
10/19/2024 11:00,Solar Panel,3/27/2022 0:00,20.1,614.69,56.02,53.03,20.98,33.33,4
10/19/2024 12:00,Solar Panel,10/8/2021 0:00,39.04,788.69,88.72,31.31,10.89,25.68,4
10/19/2024 13:00,Solar Panel,4/14/2022 0:00,32.78,473.75,67.87,28.85,22.84,30.07,4
10/19/2024 14:00,Battery,3/22/2019 0:00,37.36,933.2,70.06,55.93,26.84,33.78,3
10/19/2024 15:00,Solar Panel,7/2/2022 0:00,29.09,701.85,59.87,37,8.17,32.16,4
10/19/2024 16:00,Solar Panel,7/29/2018 0:00,30.31,669.61,68.84,48.94,26.66,29.51,4
10/19/2024 17:00,Solar Panel,10/28/2019 0:00,29.78,751.52,76.48,25.89,19.84,30.18,4
10/19/2024 18:00,Battery,5/29/2020 0:00,33.34,774.87,80.05,49.15,8.18,18.35,2
10/19/2024 19:00,Solar Panel,6/20/2021 0:00,22.79,443.07,80.15,36.06,15.69,41.26,4
10/19/2024 20:00,Inverter,5/26/2017 0:00,20.6,809.57,73.12,26.95,9.02,31.5,2
10/19/2024 21:00,Solar Panel,6/12/2020 0:00,26.16,545.16,86.17,46.34,22.51,16.72,4
10/19/2024 22:00,Inverter,8/5/2018 0:00,34.09,828.37,82.7,33.43,23.97,39.58,2
10/19/2024 23:00,Inverter,12/31/2018 0:00,24.04,893.52,80.28,38.54,7.64,45.57,2
10/20/2024 0:00,Inverter,6/2/2022 0:00,33.47,882.38,52.22,27.82,17.65,46.1,2
10/20/2024 1:00,Battery,5/13/2021 0:00,39.4,731.5,50.28,30.15,25.37,25.28,3
10/20/2024 2:00,Battery,9/30/2019 0:00,21.88,712.1,58.5,35.43,28.4,16.88,2
10/20/2024 3:00,Battery,5/25/2019 0:00,33.45,485.73,76.54,28.14,17.84,30.66,3
10/20/2024 4:00,Solar Panel,3/7/2019 0:00,28.88,865.21,66.45,56.88,28.76,16.05,4
10/20/2024 5:00,Inverter,4/25/2022 0:00,37.36,562.85,66.1,25.21,18.39,45.62,2
10/20/2024 6:00,Battery,1/7/2022 0:00,23.54,698.02,85.38,41.94,14.85,18.61,2
10/20/2024 7:00,Battery,11/30/2022 0:00,33.85,570.56,85.82,29.31,26.21,21.1,3
10/20/2024 8:00,Solar Panel,7/25/2021 0:00,36.76,480.3,86.37,35.77,17.32,26.64,4
10/20/2024 9:00,Battery,6/19/2019 0:00,38.89,777.73,62.56,57.41,16.8,25.79,2
10/20/2024 10:00,Solar Panel,11/10/2022 0:00,33.66,432.6,77.64,30.66,17.26,40.61,4
10/20/2024 11:00,Charge Controller,3/6/2018 0:00,29.94,849.19,60.87,58.8,26.17,28.43,4
10/20/2024 12:00,Battery,1/28/2017 0:00,32.36,590.55,57.62,32.2,25.8,18.15,3
10/20/2024 13:00,Charge Controller,1/25/2023 0:00,37.38,400.08,57.39,50.95,15.09,21.62,3
10/20/2024 14:00,Solar Panel,8/31/2015 0:00,31.41,706.68,63.68,44.13,13.33,30.33,4
10/20/2024 15:00,Inverter,2/3/2022 0:00,20.61,428.11,67.2,55.96,17.3,17.31,4
10/20/2024 16:00,Battery,11/29/2017 0:00,38.62,565.7,83.24,44.39,19.32,34.02,2
10/20/2024 17:00,Solar Panel,8/17/2015 0:00,33.79,824.19,54.8,43.71,10.96,32.37,4
10/20/2024 18:00,Inverter,2/8/2022 0:00,33.53,437.61,79.4,31.84,24.85,37.73,2
10/20/2024 19:00,Inverter,7/8/2017 0:00,24.31,903.6,71.26,30.82,17.16,45.76,2
10/20/2024 20:00,Charge Controller,5/31/2018 0:00,33.18,402.29,61.52,57.08,13.35,44.84,3
10/20/2024 21:00,Solar Panel,1/6/2015 0:00,27.88,548.09,69.71,36.47,7.67,46.06,4
10/20/2024 22:00,Inverter,4/12/2016 0:00,33.02,844.54,62,38.02,10.97,20.81,3
10/20/2024 23:00,Battery,10/22/2019 0:00,22.13,589.76,73.84,51.59,28.73,16.74,2
10/21/2024 0:00,Battery,3/16/2015 0:00,33.16,461.14,67.35,36.86,12.63,22.88,3
10/21/2024 1:00,Charge Controller,1/4/2015 0:00,39.99,616.14,56.58,58.32,9.22,44.22,4
10/21/2024 2:00,Inverter,2/14/2020 0:00,20.96,562.24,54.66,50.83,16.52,46.99,2
10/21/2024 3:00,Solar Panel,10/7/2016 0:00,39.54,905.63,71.87,45.91,12.68,42.94,4
10/21/2024 4:00,Battery,4/28/2015 0:00,28.14,588.01,86.1,55.83,5.88,15.96,3
10/21/2024 5:00,Inverter,1/7/2023 0:00,37.42,873.36,63.76,26.74,13.08,46.11,3
10/21/2024 6:00,Inverter,6/18/2019 0:00,35.65,935.12,79.32,34,18.6,27.24,2
10/21/2024 7:00,Charge Controller,12/26/2021 0:00,31.34,660.29,76.35,41.28,18.79,12.34,2
10/21/2024 8:00,Battery,7/14/2020 0:00,34.77,945.97,87.26,32.94,13.91,27.93,2
10/21/2024 9:00,Battery,8/4/2017 0:00,37.57,626.39,82.84,51.04,16.18,13.66,3
10/21/2024 10:00,Solar Panel,3/6/2022 0:00,28.08,978.45,72.66,57.17,29.14,31.58,4
10/21/2024 11:00,Battery,1/4/2019 0:00,26.54,453.57,76.28,39.83,14.43,24.19,3
10/21/2024 12:00,Solar Panel,7/13/2015 0:00,33.35,812.21,85.94,36.97,11.46,29.04,4
10/21/2024 13:00,Battery,4/26/2017 0:00,36.16,696.29,65.98,58.65,11.09,34.07,3
10/21/2024 14:00,Charge Controller,7/25/2022 0:00,35.25,632.59,63.07,40.57,16.44,43.28,4
10/21/2024 15:00,Battery,11/16/2018 0:00,35.96,779.63,50.43,42.12,23.99,35.83,2
10/21/2024 16:00,Solar Panel,6/25/2023 0:00,28.71,822.31,83.06,37.31,10.15,27.63,4
10/21/2024 17:00,Solar Panel,12/29/2018 0:00,36.36,402.62,82.04,56.83,22.73,41.5,4
10/21/2024 18:00,Charge Controller,1/29/2021 0:00,22.4,500.17,54.18,44.91,5.53,44.6,3
10/21/2024 19:00,Battery,7/27/2019 0:00,30.89,827.83,73.07,51.68,15.47,16.31,3
10/21/2024 20:00,Battery,7/1/2021 0:00,20.12,799.83,68.56,53.41,24.4,31.15,3
10/21/2024 21:00,Charge Controller,12/4/2018 0:00,26.49,979.63,54.75,36.96,13.47,22.24,2
10/21/2024 22:00,Battery,2/15/2018 0:00,27.33,856.62,89.22,40.18,19.09,13.69,2
10/21/2024 23:00,Battery,11/23/2022 0:00,27.92,970.46,58.59,54.7,10.12,36.07,2
10/22/2024 0:00,Solar Panel,12/16/2019 0:00,33.91,821.52,52.69,37.71,23.55,43.06,4
10/22/2024 1:00,Battery,12/24/2016 0:00,27.77,578.83,73.79,52.79,6.31,17.86,3
10/22/2024 2:00,Battery,8/13/2015 0:00,28.97,463.22,79.55,57.93,26.31,41.25,2
10/22/2024 3:00,Charge Controller,6/15/2016 0:00,24.75,869.09,51.3,46.81,9.95,42.72,3
10/22/2024 4:00,Charge Controller,4/23/2015 0:00,27.47,786.49,76.35,50.96,26.86,44.92,3
10/22/2024 5:00,Inverter,12/27/2020 0:00,24.55,428.91,71.29,53.18,13.81,21.55,4
10/22/2024 6:00,Solar Panel,7/12/2016 0:00,21.46,616.03,54.13,54.58,23.07,44.54,4
10/22/2024 7:00,Battery,8/10/2020 0:00,32.07,974.08,56.9,38.83,12.98,23.54,2
10/22/2024 8:00,Battery,11/7/2020 0:00,33.36,700.24,72.72,26.79,27.65,31.88,3
10/22/2024 9:00,Inverter,10/15/2016 0:00,32.39,659.64,61.85,39.07,8.17,13.82,2
10/22/2024 10:00,Battery,11/16/2015 0:00,29.27,674.62,87.53,48.58,9.46,13.58,3
10/22/2024 11:00,Solar Panel,4/23/2019 0:00,27.6,525.33,82.75,40.76,17.33,37.93,4
10/22/2024 12:00,Inverter,1/3/2020 0:00,37.27,621.22,89.34,51.21,7.05,28,3
10/22/2024 13:00,Solar Panel,4/1/2020 0:00,30.38,621.89,60.39,37.49,9.9,21.23,4
10/22/2024 14:00,Inverter,5/19/2015 0:00,29.58,431.41,88.79,47.22,28.59,18.85,3
10/22/2024 15:00,Inverter,12/2/2022 0:00,20.51,860.54,67.25,31.52,29.41,36.12,4
10/22/2024 16:00,Charge Controller,7/19/2020 0:00,26.82,649.9,63.9,51.23,14.41,12.01,4
10/22/2024 17:00,Solar Panel,4/25/2021 0:00,27.6,893.31,52.01,44.1,28.08,41.01,4
10/22/2024 18:00,Battery,6/20/2017 0:00,27.98,910.21,52.11,32.14,18.62,14.85,3
10/22/2024 19:00,Battery,11/20/2016 0:00,31.6,527.2,77.68,35.22,11.74,18.89,2
10/22/2024 20:00,Solar Panel,8/1/2020 0:00,30.67,794.41,68.32,51.2,22.56,25.9,4
10/22/2024 21:00,Battery,1/10/2015 0:00,32.16,683.37,59.06,41.89,21.47,29.45,2
10/22/2024 22:00,Battery,9/18/2015 0:00,35.3,928.09,74.56,32.56,29.73,24.78,2
10/22/2024 23:00,Solar Panel,4/26/2020 0:00,36.26,529.44,60.11,58.85,11.63,23.55,4
10/23/2024 0:00,Inverter,8/1/2019 0:00,34.36,806.69,73.11,50.03,21.8,46.7,4
10/23/2024 1:00,Solar Panel,1/28/2021 0:00,39.11,764.65,64.37,58.5,6.3,35.1,4
10/23/2024 2:00,Inverter,1/24/2023 0:00,20.36,577.18,82.94,39.95,7.84,12.84,3
10/23/2024 3:00,Battery,8/22/2020 0:00,23.92,481.96,82.83,41.63,5.1,27.49,2
10/23/2024 4:00,Battery,4/6/2018 0:00,20.15,790.98,69.09,56.43,29.99,43.5,3
10/23/2024 5:00,Battery,6/8/2019 0:00,32.95,843.16,64.03,43.38,25.06,22.85,3
10/23/2024 6:00,Charge Controller,11/17/2015 0:00,37.96,589.38,64.5,49.75,24.67,15.4,2
10/23/2024 7:00,Inverter,9/4/2018 0:00,24.87,786.9,82.23,33.83,17.74,39.3,3
10/23/2024 8:00,Charge Controller,6/25/2019 0:00,38.54,637.08,63.13,40.64,12.5,33.82,3
10/23/2024 9:00,Charge Controller,7/4/2021 0:00,21.21,827.92,58.36,29.32,8.78,32.53,4
10/23/2024 10:00,Solar Panel,10/3/2022 0:00,38.69,519.53,53.39,32.21,12.12,13.93,4
10/23/2024 11:00,Charge Controller,9/25/2022 0:00,27.03,934.13,68.67,25.03,14.4,17.06,3
10/23/2024 12:00,Solar Panel,6/17/2020 0:00,22.03,572.45,69.29,26.37,23.91,34.41,4
10/23/2024 13:00,Solar Panel,2/6/2023 0:00,29.72,620.67,83.64,59.2,18.49,19.48,4
10/23/2024 14:00,Charge Controller,4/27/2020 0:00,25.14,434.86,58.85,33.48,6.94,30.15,4
10/23/2024 15:00,Inverter,7/31/2020 0:00,25.7,466.91,65.24,48.22,5.45,31.62,4
10/23/2024 16:00,Inverter,1/23/2018 0:00,26.15,709.52,82.34,54.37,7.56,22.21,4
10/23/2024 17:00,Inverter,5/24/2019 0:00,36.06,560.56,82.94,44.27,15.26,46.14,2
10/23/2024 18:00,Inverter,6/23/2021 0:00,30.78,901.29,65.38,30.36,28.33,42.33,4
10/23/2024 19:00,Inverter,8/24/2015 0:00,26.23,408.82,68.36,50.48,20.94,38.01,3
10/23/2024 20:00,Charge Controller,5/23/2020 0:00,32.21,627.46,62.13,46.01,25.05,14.81,4
10/23/2024 21:00,Charge Controller,11/30/2015 0:00,34.32,602.41,87.3,50.59,16.66,15.82,4
10/23/2024 22:00,Battery,3/23/2020 0:00,25.45,411.6,54.75,51.94,14.04,29.74,3
10/23/2024 23:00,Inverter,1/11/2016 0:00,28.27,474.62,87.35,59.14,7.71,17.79,4
10/24/2024 0:00,Charge Controller,3/6/2018 0:00,22.44,648.19,77.35,45.07,26.9,47.22,2
10/24/2024 1:00,Battery,3/20/2022 0:00,23.62,695.72,71.26,36.96,24.58,17.71,3
10/24/2024 2:00,Inverter,4/20/2019 0:00,33.62,642.57,51.31,47.7,9.2,29.55,2
10/24/2024 3:00,Solar Panel,1/4/2022 0:00,23.63,718.56,69.02,27.4,17.81,25.11,4
10/24/2024 4:00,Battery,8/12/2018 0:00,30.5,757.08,66.31,56.41,17.18,35.02,3
10/24/2024 5:00,Charge Controller,2/13/2023 0:00,34.18,405.95,56.45,29.18,20.63,16.65,2
10/24/2024 6:00,Solar Panel,1/30/2020 0:00,22.14,678.46,76.26,36.47,28.65,27.49,4
10/24/2024 7:00,Solar Panel,10/4/2018 0:00,31.35,978.1,88.85,53.55,19.49,21.89,4
10/24/2024 8:00,Solar Panel,5/22/2017 0:00,25.13,711.42,72.49,45.91,18.51,43.96,4
10/24/2024 9:00,Battery,6/6/2018 0:00,39.26,806.53,78.59,38.78,6.26,13.46,3
10/24/2024 10:00,Charge Controller,5/6/2021 0:00,29.67,587.12,52.74,41.57,6.57,44.89,2
10/24/2024 11:00,Solar Panel,1/26/2020 0:00,36.12,864.39,66.71,54.91,9.68,41.99,4
10/24/2024 12:00,Inverter,10/16/2022 0:00,31,863.75,54.65,36.9,5.81,22.71,4
10/24/2024 13:00,Solar Panel,8/7/2018 0:00,20.87,712.78,74.51,55.44,23.58,40.41,4
10/24/2024 14:00,Solar Panel,12/25/2016 0:00,32.66,985.61,87.54,28.08,23.08,13.12,4
10/24/2024 15:00,Battery,11/11/2023 0:00,39.03,475.33,76.47,52.19,8.4,46.81,2
10/24/2024 16:00,Battery,8/14/2020 0:00,32.03,410.17,53.07,54.66,25.9,30.96,3
10/24/2024 17:00,Charge Controller,12/8/2022 0:00,36.38,862.09,64.19,31.36,8.87,22.92,2
10/24/2024 18:00,Inverter,3/19/2015 0:00,37.68,884.29,72.03,40.06,12.53,25.05,4
10/24/2024 19:00,Battery,3/6/2022 0:00,24.56,472.12,66.13,30.79,11.22,14.39,2
10/24/2024 20:00,Solar Panel,5/12/2015 0:00,24.24,559.35,83.35,49.73,14.31,47.62,4
10/24/2024 21:00,Charge Controller,8/23/2016 0:00,32.22,410.53,82.59,43.74,11.37,13.41,3
10/24/2024 22:00,Solar Panel,11/8/2019 0:00,28.22,575.99,74.47,47.24,17.22,35.58,4
10/24/2024 23:00,Solar Panel,12/1/2017 0:00,36.8,863.89,64.94,31.88,15.19,27.94,4
10/25/2024 0:00,Battery,11/6/2020 0:00,38,710.78,60.21,32.41,29.66,46.16,3
10/25/2024 1:00,Charge Controller,9/15/2021 0:00,27.07,608.86,54.23,26.45,6.4,20.86,3
10/25/2024 2:00,Inverter,6/1/2021 0:00,24.74,623.04,64.2,36.27,8.55,31.16,2
10/25/2024 3:00,Inverter,2/7/2020 0:00,35.61,400.81,66.53,44.59,6.32,29.36,3
10/25/2024 4:00,Battery,8/11/2018 0:00,25.5,579.88,77.03,55.03,20.65,37.3,2
10/25/2024 5:00,Battery,9/7/2016 0:00,36.45,787.88,76.33,48.34,6.36,14.45,2
10/25/2024 6:00,Charge Controller,10/18/2022 0:00,28.47,984.52,52.8,40.24,25.91,18.98,3
10/25/2024 7:00,Inverter,10/5/2021 0:00,33.35,908.24,65.81,58.36,17.8,19.72,3
10/25/2024 8:00,Inverter,3/3/2020 0:00,21.91,414.16,57.27,50.17,18.18,38.57,2
10/25/2024 9:00,Inverter,11/12/2017 0:00,32.48,939.14,56.27,57.56,19.04,18.81,4
10/25/2024 10:00,Solar Panel,7/28/2016 0:00,29.04,869.92,83.09,43.47,9.27,32.65,4
10/25/2024 11:00,Inverter,12/30/2020 0:00,31.73,868.23,51.68,34.06,9.94,19.75,4
10/25/2024 12:00,Solar Panel,9/19/2017 0:00,23.36,674.8,66.77,26.85,12.97,43.02,4
10/25/2024 13:00,Charge Controller,6/5/2022 0:00,34.74,638.8,56.73,50.41,19.84,45.92,2
10/25/2024 14:00,Solar Panel,1/1/2021 0:00,37.26,581.75,85.17,29.25,10.25,30.67,4
10/25/2024 15:00,Charge Controller,6/2/2018 0:00,24.33,439.42,72.28,35.6,7.91,24.68,3
10/25/2024 16:00,Inverter,5/13/2023 0:00,21.91,536.94,59.26,43.64,29.25,20.43,2
10/25/2024 17:00,Inverter,5/17/2016 0:00,20.47,547.96,70.1,44.75,5.55,13.79,2
10/25/2024 18:00,Charge Controller,6/20/2020 0:00,32.84,690.45,79.26,46.02,25.07,21.67,3
10/25/2024 19:00,Battery,3/31/2017 0:00,32.14,848.47,88.32,30.82,24.7,35.55,2
10/25/2024 20:00,Charge Controller,11/21/2020 0:00,30.93,684.29,58.82,38.29,12.43,31.21,2
10/25/2024 21:00,Battery,7/8/2023 0:00,24.64,434.71,85.45,46.6,8.39,45.99,2
10/25/2024 22:00,Solar Panel,5/24/2020 0:00,27.82,974.67,87.37,58.94,8.64,26.27,4
10/25/2024 23:00,Solar Panel,7/17/2015 0:00,31.89,965.63,86.66,50.47,22.44,36.98,4
10/26/2024 0:00,Solar Panel,7/28/2019 0:00,29.94,871.11,75.42,57.29,21.07,29.62,4
10/26/2024 1:00,Inverter,3/11/2022 0:00,39.76,994.8,75.19,51.68,24.57,30.45,4
10/26/2024 2:00,Solar Panel,9/4/2021 0:00,22.73,726.69,66.13,45.71,28.44,21.64,4
10/26/2024 3:00,Battery,4/17/2018 0:00,33.9,977.66,80.1,31.72,22.3,28.38,3
10/26/2024 4:00,Solar Panel,2/14/2022 0:00,28.09,445.36,71.25,48.33,8.9,28.95,4
10/26/2024 5:00,Charge Controller,1/11/2019 0:00,28.56,619.41,77.1,46.82,11.09,37.44,2
10/26/2024 6:00,Charge Controller,6/14/2023 0:00,34.35,535.23,67.14,46.09,26.05,45.86,2
10/26/2024 7:00,Inverter,7/5/2019 0:00,33.85,517.5,79.26,42.14,10.23,23.86,4
10/26/2024 8:00,Charge Controller,8/20/2019 0:00,39.83,484.48,82.98,43.5,6.81,13.52,4
10/26/2024 9:00,Battery,8/5/2018 0:00,22.57,773.45,55.86,36.71,22.58,29.87,3
10/26/2024 10:00,Solar Panel,7/28/2020 0:00,22.08,868.79,83.32,43.18,15.06,31.6,4
10/26/2024 11:00,Inverter,4/22/2016 0:00,34.49,746.98,71.61,31.91,28,18.06,4
10/26/2024 12:00,Solar Panel,6/8/2018 0:00,31.57,488.18,83.79,53.18,21.26,39.38,4
10/26/2024 13:00,Solar Panel,7/11/2017 0:00,25.48,886.67,67.25,31.5,7.26,47.46,4
10/26/2024 14:00,Battery,2/24/2016 0:00,21.59,781.57,65.16,27.97,28.7,46.05,3
10/26/2024 15:00,Charge Controller,1/13/2021 0:00,21.71,632.9,86.6,40.27,11.46,19.1,2
10/26/2024 16:00,Charge Controller,2/10/2022 0:00,37.88,804.48,60.05,48.04,13.43,43.51,3
10/26/2024 17:00,Solar Panel,1/25/2018 0:00,23.84,555.94,83.77,40.32,15.06,37.36,4
10/26/2024 18:00,Inverter,5/27/2023 0:00,26.47,607.12,69.36,34.69,6.28,28.34,4
10/26/2024 19:00,Charge Controller,5/3/2023 0:00,24.53,950.49,70.56,44.54,17.41,31.46,2
10/26/2024 20:00,Inverter,8/8/2017 0:00,27.1,574.3,62.34,37.15,8.08,42.59,3
10/26/2024 21:00,Charge Controller,5/25/2021 0:00,21.39,681.99,72.92,57.65,15.02,29.28,2
10/26/2024 22:00,Inverter,7/1/2018 0:00,30.38,934.08,63.01,57.29,13.77,25.44,3
10/26/2024 23:00,Battery,2/21/2021 0:00,21.35,824.63,51.57,42.58,24.32,29.76,2
10/27/2024 0:00,Inverter,3/30/2022 0:00,36.01,437.32,60.88,36.48,25.08,32.85,4
10/27/2024 1:00,Battery,2/1/2020 0:00,24.67,488.38,50.26,50.8,8.84,18.81,2
10/27/2024 2:00,Battery,5/31/2016 0:00,30.8,404.7,89.13,26.28,14.16,44.43,2
10/27/2024 3:00,Inverter,7/17/2019 0:00,37.6,778.55,88.63,41.62,14.33,36.27,2
10/27/2024 4:00,Battery,2/9/2020 0:00,33.02,668.6,65.81,36.77,8.79,34.8,3
10/27/2024 5:00,Solar Panel,12/22/2022 0:00,30.66,480.56,79.13,57.22,24.96,15.58,4
10/27/2024 6:00,Battery,2/15/2018 0:00,26.49,974.76,63.83,25.42,22.68,33.75,2
10/27/2024 7:00,Charge Controller,10/24/2022 0:00,26.66,717.8,76.84,44.35,9.76,16.35,2
10/27/2024 8:00,Inverter,4/16/2020 0:00,33.39,545.14,82.22,50.92,14.17,14.83,2
10/27/2024 9:00,Solar Panel,11/5/2023 0:00,39.88,700.36,87.87,41.98,7.65,30.98,4
10/27/2024 10:00,Inverter,3/25/2017 0:00,33.24,807.77,66.01,27.99,20.71,26.5,2
10/27/2024 11:00,Charge Controller,3/25/2021 0:00,31.16,445.74,81.33,59.04,8.03,33.2,3
10/27/2024 12:00,Charge Controller,3/15/2020 0:00,34.61,564.82,60.64,43.13,29.65,15.21,2
10/27/2024 13:00,Charge Controller,3/13/2021 0:00,29.3,884.18,89.61,46.5,24.52,27.52,2
10/27/2024 14:00,Battery,3/15/2023 0:00,21.2,675.8,51.03,33.28,14.76,18.29,3
10/27/2024 15:00,Battery,8/24/2020 0:00,31.25,727.95,74.14,41.92,19.46,47.54,3
10/27/2024 16:00,Inverter,11/3/2023 0:00,39.15,659.69,76.38,40.02,27.78,32.2,3
10/27/2024 17:00,Inverter,11/3/2023 0:00,23.51,426.34,77.52,27.62,18.85,36.75,2
10/27/2024 18:00,Solar Panel,9/25/2020 0:00,33.8,499.45,54.82,28.72,9.36,23.72,4
10/27/2024 19:00,Solar Panel,6/29/2021 0:00,24.02,667.32,87.54,54.31,14.47,15.41,4
10/27/2024 20:00,Inverter,12/1/2022 0:00,30.72,525.51,57.25,33.39,26.08,47.13,2
10/27/2024 21:00,Battery,5/10/2015 0:00,21.93,429.99,74.91,31.82,21.11,22.31,3
10/27/2024 22:00,Charge Controller,4/5/2015 0:00,29.01,906.19,58.91,42.67,21.27,27.26,4
10/27/2024 23:00,Inverter,4/28/2022 0:00,35.12,988.72,62.29,51.91,26.67,35.4,3
10/28/2024 0:00,Solar Panel,9/3/2022 0:00,26.95,875.89,71.86,27.17,27.35,12.89,4
10/28/2024 1:00,Battery,5/9/2020 0:00,33.3,912.27,66.69,45.19,27.99,41.17,2
10/28/2024 2:00,Inverter,3/4/2017 0:00,35.91,545.19,56.41,29.17,7.37,31.32,2
10/28/2024 3:00,Inverter,1/9/2020 0:00,38.54,976.38,56.84,26.28,18.6,22.02,2
10/28/2024 4:00,Battery,10/17/2020 0:00,24.69,518.16,66.73,26.85,23.51,14.22,3
10/28/2024 5:00,Inverter,8/11/2019 0:00,27.99,970.86,80.29,54.2,23.92,17.85,4
10/28/2024 6:00,Battery,1/11/2015 0:00,23.05,996.89,85.92,29.13,20.17,44.22,3
10/28/2024 7:00,Charge Controller,2/9/2020 0:00,39.85,827.03,53.37,26.58,9.17,36.7,2
10/28/2024 8:00,Battery,12/29/2022 0:00,38.54,988.69,65.72,40.33,24.94,21,2
10/28/2024 9:00,Battery,2/10/2022 0:00,30.8,741.72,54.01,54.54,23,14.36,3
10/28/2024 10:00,Battery,10/11/2023 0:00,36.84,555.73,50.66,34.18,7.15,36.86,2
10/28/2024 11:00,Inverter,12/12/2016 0:00,30.42,662.2,76.47,39.76,16.6,32.61,3
10/28/2024 12:00,Inverter,9/1/2020 0:00,32.47,756.14,74.1,26.4,9.35,26.56,3
10/28/2024 13:00,Battery,3/25/2017 0:00,21.78,443.85,56.52,40.72,13.44,25.09,3
10/28/2024 14:00,Inverter,12/12/2015 0:00,35.11,773.41,59.35,45.22,5.45,19.81,3
10/28/2024 15:00,Solar Panel,6/7/2021 0:00,22.55,988.71,50.95,44.98,15.01,36.11,4
10/28/2024 16:00,Solar Panel,12/29/2015 0:00,36.52,514.06,83.4,36.63,18.75,46.94,4
10/28/2024 17:00,Inverter,9/9/2021 0:00,35.64,875.56,88.99,36.04,20.49,18.33,4
10/28/2024 18:00,Inverter,3/15/2021 0:00,34.17,944.74,55.42,28.73,21.59,33.5,4
10/28/2024 19:00,Battery,12/28/2020 0:00,20.72,966.22,59.26,37.84,25.91,27.27,3
10/28/2024 20:00,Charge Controller,3/25/2023 0:00,26.06,976.08,84.74,28.48,10.39,28.08,4
10/28/2024 21:00,Inverter,12/26/2023 0:00,25.26,712.88,87.06,51.83,8.01,21.15,4
10/28/2024 22:00,Solar Panel,9/11/2017 0:00,27.2,986.38,66.79,58.82,26.29,41.7,4
10/28/2024 23:00,Battery,4/29/2023 0:00,21.75,854.39,52.02,58.95,8.92,29.47,3
10/29/2024 0:00,Inverter,6/28/2019 0:00,38.74,497,51.58,55.28,29.37,31.56,4
10/29/2024 1:00,Solar Panel,4/7/2017 0:00,31.08,686.14,72.96,46.03,26.06,22.97,4
10/29/2024 2:00,Solar Panel,6/23/2022 0:00,26.11,831,65.72,49.53,17.52,18.55,4
10/29/2024 3:00,Charge Controller,5/10/2023 0:00,27.94,548.4,51.15,34.98,29.54,15.09,3
10/29/2024 4:00,Battery,12/22/2015 0:00,28.94,784.37,73.33,47.08,7.43,37.71,2
10/29/2024 5:00,Battery,5/14/2023 0:00,32.01,799.96,50.45,40.95,12.58,19.06,2
10/29/2024 6:00,Charge Controller,9/9/2018 0:00,30.31,497.62,81.49,41.87,20.96,36.84,4
10/29/2024 7:00,Charge Controller,10/10/2023 0:00,38.39,739.05,62.26,51.52,13.75,26.05,4
10/29/2024 8:00,Battery,1/14/2023 0:00,29.94,862.98,51.61,34.87,28.21,26.97,3
10/29/2024 9:00,Battery,2/7/2020 0:00,39.84,699.34,73.53,36.13,6.64,28.89,2
10/29/2024 10:00,Inverter,5/7/2015 0:00,37.03,407.26,65.91,57.36,18.74,25.24,3
10/29/2024 11:00,Inverter,9/13/2023 0:00,24.17,405.42,88.95,26.97,19.77,15.62,4
10/29/2024 12:00,Charge Controller,5/15/2023 0:00,38.61,614.22,71.77,42,21.32,23.15,3
10/29/2024 13:00,Inverter,8/26/2016 0:00,22.33,955.72,61.01,56.95,11.39,35.89,2
10/29/2024 14:00,Solar Panel,4/12/2020 0:00,36.35,537.21,78.38,46.36,14.11,35.97,4
10/29/2024 15:00,Inverter,10/10/2017 0:00,27.61,780.62,60.86,44.12,26.09,22.3,2
10/29/2024 16:00,Inverter,2/20/2015 0:00,37.56,533.25,86.17,33.74,9.87,28.56,4
10/29/2024 17:00,Solar Panel,6/28/2023 0:00,37.36,593,64.99,37.01,25.67,18.96,4
10/29/2024 18:00,Charge Controller,9/27/2022 0:00,36.12,908.83,71.99,54.82,19.07,19.57,3
10/29/2024 19:00,Solar Panel,12/1/2018 0:00,35.8,837.32,52.02,44.57,24.05,12.83,4
10/29/2024 20:00,Inverter,11/28/2019 0:00,26.09,457.24,67.04,43.02,22.84,44.28,4
10/29/2024 21:00,Charge Controller,11/1/2022 0:00,21.62,657.22,83.29,28.49,10.19,19.59,2
10/29/2024 22:00,Inverter,6/25/2019 0:00,28.06,417.5,82.23,25.56,19.22,20.19,3
10/29/2024 23:00,Solar Panel,7/4/2019 0:00,23.47,688.53,58.97,58.73,26.69,22.07,4
10/30/2024 0:00,Solar Panel,10/3/2021 0:00,33.9,797.46,59.04,38.19,15.8,16.59,4
10/30/2024 1:00,Inverter,4/20/2018 0:00,26.92,471.1,82.69,46.11,29.16,35.01,4
10/30/2024 2:00,Battery,4/19/2023 0:00,39.51,573.33,87.22,27.79,16.31,14.71,2
10/30/2024 3:00,Battery,11/12/2022 0:00,32.82,638.7,53.81,48.91,8.57,16.83,3
10/30/2024 4:00,Solar Panel,5/31/2023 0:00,36.45,951.72,68,57.64,14.74,35.21,4
10/30/2024 5:00,Solar Panel,1/29/2020 0:00,22.65,995.95,63.5,45.15,28.79,24.23,4
10/30/2024 6:00,Battery,7/20/2016 0:00,37.24,426.95,84.83,29.41,12.99,37.49,2
10/30/2024 7:00,Battery,8/15/2021 0:00,38.46,856.6,53.34,45.36,26.7,32.07,2
10/30/2024 8:00,Inverter,7/24/2017 0:00,29.74,623.03,58.45,51.82,27.03,21.22,4
10/30/2024 9:00,Inverter,4/18/2020 0:00,32.13,635.47,80.1,39.22,13.75,35.43,3
10/30/2024 10:00,Battery,6/1/2022 0:00,35.3,852.56,52.05,55.79,7.08,16.19,3
10/30/2024 11:00,Inverter,4/5/2023 0:00,23.5,951.06,69.7,47.7,23.11,31.31,4
10/30/2024 12:00,Inverter,8/25/2018 0:00,30.05,970.56,67.68,56.47,12.79,27.74,2
10/30/2024 13:00,Charge Controller,10/14/2023 0:00,27.97,746.27,63.38,46.82,24.57,21.64,4
10/30/2024 14:00,Inverter,7/21/2015 0:00,22.93,614.27,65.78,29.6,16.07,33.74,2
10/30/2024 15:00,Solar Panel,6/18/2021 0:00,27.35,872.53,71.2,35.84,17.13,43.37,4
10/30/2024 16:00,Inverter,4/27/2015 0:00,21.36,550.6,56.45,32.06,24.45,47.96,2
10/30/2024 17:00,Inverter,7/25/2017 0:00,20.52,738.44,72.88,56.81,14.56,33.88,3
10/30/2024 18:00,Battery,7/28/2016 0:00,22.7,615.15,82.22,51.61,16.08,26.57,3
10/30/2024 19:00,Solar Panel,4/10/2021 0:00,39.26,793.98,80.41,48.67,14.4,20.11,4
10/30/2024 20:00,Inverter,6/20/2016 0:00,30.99,544.24,56.16,35.53,14.18,21.26,4
10/30/2024 21:00,Inverter,6/14/2019 0:00,39.32,514.96,55.97,31.44,18.15,29.26,2
10/30/2024 22:00,Charge Controller,10/23/2020 0:00,28.65,950.94,60.73,51.48,25.22,25.22,2
10/30/2024 23:00,Inverter,1/21/2016 0:00,26.24,461.08,64.44,41.6,14.04,44.9,3
10/31/2024 0:00,Inverter,12/26/2023 0:00,30.12,703.57,66.34,32.9,18.11,25.26,3
10/31/2024 1:00,Charge Controller,4/19/2016 0:00,28.79,532.51,77.19,46.58,21.77,25.44,4
10/31/2024 2:00,Battery,2/22/2016 0:00,22.11,423.36,52.27,26.41,11.74,25.81,2
10/31/2024 3:00,Inverter,7/22/2021 0:00,32.82,421.61,51.39,36.42,11.94,42.12,3
10/31/2024 4:00,Charge Controller,5/11/2022 0:00,24.32,505.13,65.68,41.4,28.34,35.43,4
10/31/2024 5:00,Solar Panel,7/27/2017 0:00,32.39,920.06,77.89,30.18,23.09,34.11,4
10/31/2024 6:00,Battery,8/12/2017 0:00,33,569.49,57.74,59.46,19.43,24.03,2
10/31/2024 7:00,Solar Panel,5/25/2017 0:00,23.04,970.28,75.66,32.32,21.19,41.44,4
10/31/2024 8:00,Solar Panel,2/1/2017 0:00,21.23,748.97,60.39,29.56,5.73,13.38,4
10/31/2024 9:00,Charge Controller,4/17/2018 0:00,35.62,661.97,85.44,32.12,20.45,43.35,2
10/31/2024 10:00,Inverter,4/20/2018 0:00,29.2,748.05,85.83,51.92,17.74,30.46,3
10/31/2024 11:00,Charge Controller,10/25/2016 0:00,21.16,710.02,61.89,39.89,18.64,26.34,4
10/31/2024 12:00,Charge Controller,1/25/2015 0:00,39.9,855.27,59.2,44.79,13.99,29.9,3
10/31/2024 13:00,Charge Controller,6/13/2020 0:00,21.16,569.5,66.45,25.74,7.04,36.03,4
10/31/2024 14:00,Charge Controller,4/18/2018 0:00,33.9,611.83,59.62,26.21,9.83,12.46,2
10/31/2024 15:00,Battery,12/10/2016 0:00,39.67,936.46,76.9,40.6,28.77,43.38,3
10/31/2024 16:00,Inverter,2/23/2020 0:00,24.78,967.87,83.04,53.58,15.22,28.08,4
10/31/2024 17:00,Solar Panel,3/30/2018 0:00,22.84,935.53,76.92,55.98,16.67,24.35,4
10/31/2024 18:00,Solar Panel,2/2/2021 0:00,22.43,651.67,82.97,28.03,6.32,16.98,4
10/31/2024 19:00,Inverter,10/12/2015 0:00,26.07,868.22,65.88,43.84,5.94,27.82,4
10/31/2024 20:00,Solar Panel,3/4/2015 0:00,22.02,685.8,56.25,56.96,22.93,29.87,4
10/31/2024 21:00,Inverter,9/29/2017 0:00,33.84,698.52,79.52,38.58,18.45,26.53,4
10/31/2024 22:00,Solar Panel,10/23/2016 0:00,21.25,522.81,64.42,54.03,17.72,36.43,4
10/31/2024 23:00,Charge Controller,6/6/2022 0:00,30.19,754.68,76.85,29.68,11.08,27.15,4
11/1/2024 0:00,Solar Panel,1/12/2021 0:00,39.93,511.68,60.83,57.74,23.62,46.61,4
11/1/2024 1:00,Inverter,2/1/2019 0:00,36.28,598.94,53.25,51.3,9.21,33.57,4
11/1/2024 2:00,Inverter,7/18/2023 0:00,32.3,913.02,89.7,57.95,9.75,41.07,3
11/1/2024 3:00,Inverter,8/24/2017 0:00,26.13,524.25,56.25,48.68,16.52,15.94,4
11/1/2024 4:00,Inverter,4/28/2017 0:00,32.48,442.69,89.54,37.72,12.16,26.3,4
11/1/2024 5:00,Inverter,1/12/2018 0:00,30.54,441.4,89.09,57.84,11.19,24.13,2
11/1/2024 6:00,Battery,11/19/2016 0:00,28.52,964.47,81.75,34.64,21.13,32.5,2
11/1/2024 7:00,Battery,5/28/2015 0:00,22.61,704.15,76.38,36.63,21.27,43,3
11/1/2024 8:00,Solar Panel,12/8/2015 0:00,37.73,645.65,73.11,49.53,25.61,14.82,4
11/1/2024 9:00,Inverter,11/28/2021 0:00,29,886.53,84.64,51.79,15.44,14.61,2
11/1/2024 10:00,Solar Panel,12/22/2017 0:00,23.89,901.5,61.58,57.53,6.83,42.61,4
11/1/2024 11:00,Inverter,9/21/2019 0:00,27.36,599.31,68.71,32.17,11.84,19.66,3
11/1/2024 12:00,Inverter,10/15/2018 0:00,28.28,816.17,74.78,52.93,29.5,36.08,3
11/1/2024 13:00,Battery,2/21/2022 0:00,36.55,862.67,66.45,50.85,19.91,31.54,2
11/1/2024 14:00,Battery,11/23/2015 0:00,34.67,792.79,67.1,27.23,22.74,41.98,3
11/1/2024 15:00,Charge Controller,11/28/2019 0:00,35.39,490.96,63.21,38.55,5.18,16.5,4
11/1/2024 16:00,Battery,10/26/2019 0:00,20.22,925.53,72.57,34.9,17.96,16.67,3
11/1/2024 17:00,Charge Controller,10/18/2023 0:00,28.32,723.46,84.02,35.66,5.94,32.05,4
11/1/2024 18:00,Charge Controller,9/16/2017 0:00,29.63,569.48,58.06,59.4,19.23,46.07,4
11/1/2024 19:00,Charge Controller,3/12/2021 0:00,20.38,655.14,87.38,47.5,28.02,26.94,2
11/1/2024 20:00,Charge Controller,10/18/2021 0:00,25.2,422.54,77.56,50.12,29.21,23.77,2
11/1/2024 21:00,Charge Controller,8/9/2017 0:00,35.21,476.72,82.93,59.18,18.51,33.84,2
11/1/2024 22:00,Solar Panel,12/23/2016 0:00,22.74,859.33,72.25,38.2,16.46,45.5,4
11/1/2024 23:00,Battery,9/10/2020 0:00,30.71,400.01,81.18,53.06,28.63,42.13,2
11/2/2024 0:00,Charge Controller,6/10/2022 0:00,24.3,649.94,50.65,40.21,21.84,47.84,4
11/2/2024 1:00,Inverter,5/21/2021 0:00,20.24,713.51,82.74,55.43,6.62,12.81,3
11/2/2024 2:00,Battery,3/4/2016 0:00,24.82,432.78,51.61,31.32,16.64,16.06,2
11/2/2024 3:00,Battery,2/9/2019 0:00,39.52,983.85,85.6,58.17,11.01,33.94,2
11/2/2024 4:00,Charge Controller,10/13/2015 0:00,36.03,535.68,89.68,32.66,16.75,41.54,2
11/2/2024 5:00,Solar Panel,10/21/2023 0:00,39.19,582.52,61.76,36.42,16.39,22.27,4
11/2/2024 6:00,Charge Controller,6/18/2023 0:00,29.76,582.37,58.41,51.47,19.55,20.61,3
11/2/2024 7:00,Solar Panel,8/27/2020 0:00,22.19,538.25,80.61,38.78,13.92,40.33,4
11/2/2024 8:00,Inverter,2/7/2017 0:00,30.96,400.88,60.12,46.29,9.11,14.03,2
11/2/2024 9:00,Battery,3/22/2022 0:00,29.09,837.61,84.62,40.56,17.59,25.3,2
11/2/2024 10:00,Inverter,10/26/2018 0:00,36.89,980.11,54.11,50.98,25.76,30.21,4
11/2/2024 11:00,Solar Panel,11/21/2023 0:00,21.96,534.58,55.04,32.99,21.6,32.17,4
11/2/2024 12:00,Solar Panel,5/16/2023 0:00,29.76,797.83,89.17,27.05,13.46,38.23,4
11/2/2024 13:00,Inverter,7/13/2015 0:00,23,845.14,76.95,35.5,28.39,24.77,4
11/2/2024 14:00,Solar Panel,12/24/2021 0:00,26.49,909.06,83.88,41.6,27.81,34.06,4
11/2/2024 15:00,Inverter,9/14/2017 0:00,34.75,653.58,62.97,30.88,10.23,33.07,4
11/2/2024 16:00,Battery,2/10/2018 0:00,29.52,581.76,77.06,37.42,5.99,31.71,2
11/2/2024 17:00,Inverter,12/1/2020 0:00,27.52,595.18,73.77,39,23.53,35.06,3
11/2/2024 18:00,Battery,8/29/2019 0:00,27.89,827.57,74.13,27.01,25.69,21.34,2
11/2/2024 19:00,Inverter,8/4/2017 0:00,29.19,890.07,77.3,45.42,29.2,15.05,2
11/2/2024 20:00,Solar Panel,4/10/2017 0:00,35.7,508.97,73.01,55.95,27.25,16.29,4
11/2/2024 21:00,Inverter,4/4/2020 0:00,37.84,622.56,67.16,30.31,20.01,20.08,2
11/2/2024 22:00,Solar Panel,2/20/2023 0:00,39.11,941.16,61.04,45.92,18.25,30.01,4
11/2/2024 23:00,Inverter,2/24/2015 0:00,35.74,884.02,80.74,48.27,5.7,42.26,2
11/3/2024 0:00,Inverter,3/10/2017 0:00,26.31,990.92,59.05,39.68,11.17,37.25,2
11/3/2024 1:00,Charge Controller,2/16/2017 0:00,33.76,852.55,77.69,49.54,16.49,40.41,3
11/3/2024 2:00,Solar Panel,1/21/2019 0:00,28.75,635.92,59.33,39.38,20.71,24.64,4
11/3/2024 3:00,Charge Controller,3/16/2020 0:00,25.09,754.38,75.01,42.66,18.93,26.57,2
11/3/2024 4:00,Solar Panel,1/18/2021 0:00,36.82,796.61,79.88,25.26,23.57,26.17,4
11/3/2024 5:00,Charge Controller,11/4/2020 0:00,20.77,447.07,58.75,49.21,11.99,18.91,3
11/3/2024 6:00,Battery,2/24/2015 0:00,38.04,726.7,52.4,48.15,19.12,14.2,2
11/3/2024 7:00,Inverter,12/29/2019 0:00,29.23,825.59,55.24,26.34,7.2,33.27,3
11/3/2024 8:00,Solar Panel,4/16/2018 0:00,32.74,500.39,74.24,37.89,15.34,47.61,4
11/3/2024 9:00,Solar Panel,6/7/2023 0:00,33.19,868.38,83.98,59.27,23.75,18.01,4
11/3/2024 10:00,Inverter,4/12/2017 0:00,37.9,750.26,51.8,39.73,22.34,13.68,3
11/3/2024 11:00,Solar Panel,11/9/2015 0:00,32.73,971.33,79.37,42.57,29.77,40.06,4
11/3/2024 12:00,Solar Panel,9/7/2022 0:00,32.28,425.45,63.65,56.85,11.95,21.09,4
11/3/2024 13:00,Charge Controller,2/2/2020 0:00,21.33,559.2,69.14,50.1,17.45,41.87,3
11/3/2024 14:00,Solar Panel,6/30/2020 0:00,30.37,760.93,87.15,45.37,13.24,37.34,4
11/3/2024 15:00,Battery,6/29/2020 0:00,23,577.94,63.28,52.92,16.02,46.04,2
11/3/2024 16:00,Battery,10/26/2021 0:00,34.75,828.65,68.61,55.25,26.42,26.72,3
11/3/2024 17:00,Inverter,11/26/2019 0:00,30.24,855.4,50.55,40.99,22.11,35.83,3
11/3/2024 18:00,Solar Panel,11/24/2015 0:00,33.6,461.51,53.26,41.63,27.06,28.73,4
11/3/2024 19:00,Inverter,7/23/2023 0:00,20.83,708.31,60.34,38.51,10.09,34.7,4
11/3/2024 20:00,Battery,9/9/2022 0:00,21.7,705.33,51.11,58.83,26.83,28.19,2
11/3/2024 21:00,Solar Panel,3/11/2022 0:00,34.33,621.57,75.26,49.4,6.49,18.79,4
11/3/2024 22:00,Solar Panel,7/20/2023 0:00,21.44,959.75,67.06,27.91,27.21,30.28,4
11/3/2024 23:00,Inverter,5/13/2023 0:00,21.43,896.5,71.93,55.2,13.23,31.03,2
11/4/2024 0:00,Battery,7/11/2018 0:00,20.24,818.33,56.99,41.82,12.86,41.18,2
11/4/2024 1:00,Solar Panel,11/13/2020 0:00,39.13,828.6,61.84,27.41,17.8,38.48,4
11/4/2024 2:00,Inverter,1/16/2018 0:00,34.75,677.03,76.55,44.24,28.52,35.9,4
11/4/2024 3:00,Battery,8/16/2023 0:00,27.07,952.6,88.61,39.6,6.19,16.08,2
11/4/2024 4:00,Inverter,8/4/2018 0:00,25.93,816.76,52.02,55.72,13.81,37.94,2
11/4/2024 5:00,Charge Controller,9/27/2023 0:00,26.99,837.39,85.62,32.14,26.41,30.01,2
11/4/2024 6:00,Solar Panel,11/1/2022 0:00,35.49,917.01,73.08,53.93,14.9,44.19,4
11/4/2024 7:00,Charge Controller,12/13/2021 0:00,33.23,564.44,72.56,44.52,9.98,45.12,4
11/4/2024 8:00,Battery,3/27/2016 0:00,23.7,884.24,70.01,26.91,15.62,13.99,2
11/4/2024 9:00,Charge Controller,3/4/2019 0:00,23.48,517.14,52.78,59.01,14.64,41.54,3
11/4/2024 10:00,Charge Controller,6/14/2015 0:00,21.97,607.21,53.6,42.94,27.89,13.36,4
11/4/2024 11:00,Battery,7/1/2015 0:00,33.21,601.37,74.04,35.18,24.05,25.22,3
11/4/2024 12:00,Inverter,11/21/2021 0:00,35.29,987.12,63.64,41.43,17.63,31.52,2
11/4/2024 13:00,Charge Controller,6/28/2017 0:00,25.3,913.92,86.69,55.03,29.71,17.33,2
11/4/2024 14:00,Inverter,8/14/2022 0:00,20.42,820.7,66.26,35.67,16.63,38.87,4
11/4/2024 15:00,Charge Controller,4/2/2017 0:00,21.64,836.23,55.73,31.74,6.46,12.3,2
11/4/2024 16:00,Inverter,8/1/2017 0:00,39.36,737.24,78.59,29.52,11.56,18.07,4
11/4/2024 17:00,Battery,6/24/2020 0:00,25.91,968.25,61.73,35.43,15.9,32.91,3
11/4/2024 18:00,Charge Controller,8/16/2020 0:00,35.38,697.76,71.02,52.3,8.92,37.72,2
11/4/2024 19:00,Battery,11/26/2015 0:00,32.49,628.31,77.91,41.51,28.69,45,3
11/4/2024 20:00,Charge Controller,2/13/2017 0:00,27.64,497.82,86.01,32.96,24.17,37.4,4
11/4/2024 21:00,Battery,1/7/2021 0:00,24.11,871.72,81.69,30.82,11.71,36.18,3
11/4/2024 22:00,Battery,8/23/2023 0:00,22.43,840.67,77.05,36.65,19.77,26.2,2
11/4/2024 23:00,Charge Controller,5/27/2015 0:00,32.3,630.61,77.19,57.9,23.04,12.05,2
11/5/2024 0:00,Charge Controller,7/3/2017 0:00,35.49,415.12,87.84,37.01,28.53,16.33,3
11/5/2024 1:00,Charge Controller,4/21/2019 0:00,32.88,903.4,61.83,59.58,27.04,31.24,2
11/5/2024 2:00,Solar Panel,8/1/2018 0:00,30.61,406.85,50.04,41.98,17.88,36.3,4
11/5/2024 3:00,Inverter,7/10/2022 0:00,20.84,822.22,60.88,31.27,24.37,27.03,4
11/5/2024 4:00,Solar Panel,3/23/2015 0:00,39.37,982.15,58.72,56.19,19.05,38.3,4
11/5/2024 5:00,Solar Panel,5/28/2016 0:00,35.97,662.6,76.47,41.11,18.82,30.79,4
11/5/2024 6:00,Battery,4/4/2020 0:00,25.86,540.98,75.35,49.84,7.87,14.67,2
11/5/2024 7:00,Charge Controller,11/2/2022 0:00,39.6,822.92,73.74,59.43,8.15,18.91,4
11/5/2024 8:00,Inverter,7/19/2022 0:00,32.04,890.28,50.65,26.76,18.24,42.24,4
11/5/2024 9:00,Battery,4/23/2020 0:00,31.65,727.86,79.15,28.38,11.72,38.1,3
11/5/2024 10:00,Solar Panel,1/15/2017 0:00,34.96,980.22,62.94,50.22,5.53,44.21,4
11/5/2024 11:00,Charge Controller,5/29/2023 0:00,36.24,431,76.6,34.86,23.07,16.23,4
11/5/2024 12:00,Battery,11/10/2018 0:00,33.13,702.88,72.26,31.45,5.81,47.65,3
11/5/2024 13:00,Charge Controller,12/7/2016 0:00,22.56,831.07,63.71,26.38,19.88,19.54,4
11/5/2024 14:00,Battery,4/15/2016 0:00,26.77,917.58,55.38,25.76,18.48,12.42,2
11/5/2024 15:00,Charge Controller,9/26/2023 0:00,38.56,507.55,53.78,52.11,29.22,47.91,3
11/5/2024 16:00,Solar Panel,1/31/2016 0:00,24.49,880,83.26,29.71,17.11,22.12,4
11/5/2024 17:00,Inverter,4/5/2019 0:00,27.44,731.62,86.74,41.37,6.59,36.05,2
11/5/2024 18:00,Solar Panel,4/27/2021 0:00,28.64,637.93,75.99,46.21,18.79,18.36,4
11/5/2024 19:00,Inverter,3/15/2017 0:00,28.79,479.03,54.14,39.99,26.03,32.89,4
11/5/2024 20:00,Charge Controller,7/22/2017 0:00,32.26,919.18,66.08,25.95,29.92,44.55,2
11/5/2024 21:00,Battery,7/3/2018 0:00,38.86,494.36,79.16,52.42,15.76,23.53,3
11/5/2024 22:00,Solar Panel,10/24/2019 0:00,24.81,585.87,81.19,25.37,13.01,36.13,4
11/5/2024 23:00,Inverter,6/23/2017 0:00,22.43,574.03,54.73,51.67,27.67,18.76,3
11/6/2024 0:00,Solar Panel,12/12/2017 0:00,23.95,922.85,50,56.27,9.78,34.49,4
11/6/2024 1:00,Inverter,3/7/2023 0:00,37.74,803.62,78.49,40.15,20.39,24.11,3
11/6/2024 2:00,Solar Panel,3/5/2020 0:00,32.92,878.01,64.26,43.74,15.14,19.6,4
11/6/2024 3:00,Inverter,3/4/2019 0:00,25.72,550.28,60.18,41.69,6.03,23.27,2
11/6/2024 4:00,Inverter,12/11/2022 0:00,36.32,774.92,50.52,38.62,13.68,18.44,3
11/6/2024 5:00,Charge Controller,10/19/2018 0:00,37.23,743.05,71.61,56.06,11.63,44.47,2
11/6/2024 6:00,Inverter,7/27/2018 0:00,36.93,899.7,84.05,56.29,22.15,26.3,4
11/6/2024 7:00,Charge Controller,8/15/2016 0:00,38.38,943.65,88.31,36.75,28.72,20.83,4
11/6/2024 8:00,Inverter,7/24/2022 0:00,25.04,407.29,72.63,46.53,11.7,28.14,2
11/6/2024 9:00,Battery,11/4/2023 0:00,35.1,804.41,70.58,57.44,25.29,23.54,3
11/6/2024 10:00,Battery,5/3/2022 0:00,29.21,431.1,53.4,58.67,6.38,38.8,2
11/6/2024 11:00,Battery,10/7/2020 0:00,36.84,729.32,71.95,42.81,18.45,46.96,2
11/6/2024 12:00,Inverter,5/8/2015 0:00,34.57,572.58,65.2,40.85,6.76,27.77,2
11/6/2024 13:00,Charge Controller,1/5/2017 0:00,35.53,584.07,74.29,34.75,28.35,43,4
11/6/2024 14:00,Charge Controller,7/31/2022 0:00,33.12,611.78,65.55,58.56,24.16,32.37,2
11/6/2024 15:00,Inverter,9/22/2023 0:00,23.55,772.78,59.61,30,21.45,17.66,4
11/6/2024 16:00,Battery,12/25/2023 0:00,30.9,600.43,53.8,45.29,25.6,36.86,3
11/6/2024 17:00,Battery,1/17/2022 0:00,39.69,839.62,62.6,34.89,21.19,30.48,2
11/6/2024 18:00,Charge Controller,6/4/2016 0:00,38.75,642.72,53.87,34.77,29.22,35.42,4
11/6/2024 19:00,Battery,2/12/2022 0:00,20.86,441.01,57.08,39.17,22.85,44.03,3
11/6/2024 20:00,Solar Panel,8/25/2015 0:00,23.3,870.26,89.49,59.96,28.12,27.86,4
11/6/2024 21:00,Charge Controller,7/28/2018 0:00,22.63,571.45,67.76,26.92,17.93,44.44,2
11/6/2024 22:00,Battery,12/17/2023 0:00,34.52,659.66,71.27,45.25,7.93,39.02,2
11/6/2024 23:00,Charge Controller,11/17/2019 0:00,36.36,811.27,84.94,27.89,18.2,29.59,3
11/7/2024 0:00,Solar Panel,7/25/2018 0:00,24.27,599.47,89.82,30.41,8.17,33.72,4
11/7/2024 1:00,Charge Controller,12/16/2021 0:00,30.12,433.95,73.31,40.38,19.81,23.72,3
11/7/2024 2:00,Charge Controller,8/13/2020 0:00,36.81,624.35,82.5,42.87,17.06,47.41,2
11/7/2024 3:00,Charge Controller,6/6/2022 0:00,34.66,966.67,63.08,34.06,20.56,36.02,2
11/7/2024 4:00,Charge Controller,3/17/2016 0:00,30.84,785.04,62.23,36.08,5.25,13.58,2
11/7/2024 5:00,Solar Panel,9/7/2020 0:00,31.81,802.89,66.11,28.04,9.87,23.76,4
11/7/2024 6:00,Inverter,9/16/2023 0:00,30.17,779.37,76.9,35.61,17.28,34.44,2
11/7/2024 7:00,Charge Controller,4/11/2022 0:00,25.95,519.4,77.29,58.83,28.76,14.03,3
11/7/2024 8:00,Charge Controller,3/15/2017 0:00,31.3,651,62.61,58.06,14.59,12.86,4
11/7/2024 9:00,Battery,3/16/2015 0:00,33.78,850.56,55.33,36.72,15.61,28.2,2
11/7/2024 10:00,Charge Controller,11/25/2022 0:00,37.47,460.82,75.3,44.98,22.87,23.98,3
11/7/2024 11:00,Battery,10/23/2023 0:00,32.73,566.71,55.13,56.84,20.09,27.78,3
11/7/2024 12:00,Inverter,12/15/2020 0:00,35.22,565.79,73.14,25.22,12.47,21.46,2
11/7/2024 13:00,Solar Panel,9/20/2020 0:00,23.2,659.21,77.74,53.37,15.27,17.93,4
11/7/2024 14:00,Solar Panel,10/11/2018 0:00,29.23,988.22,78.02,58.19,10.44,36.81,4
11/7/2024 15:00,Inverter,2/10/2015 0:00,20.19,440.5,80.14,28.2,29.15,30.52,2
11/7/2024 16:00,Solar Panel,3/1/2023 0:00,24.93,711.22,84.91,30.65,8.27,19.21,4
11/7/2024 17:00,Inverter,9/12/2020 0:00,34.53,507.62,70,58.63,14.3,23.51,4
11/7/2024 18:00,Inverter,6/16/2023 0:00,39.84,982.41,79.21,43.81,5.65,33.31,2
11/7/2024 19:00,Inverter,8/28/2019 0:00,21.98,467.98,74.77,25.5,10.54,14.6,2
11/7/2024 20:00,Solar Panel,10/30/2023 0:00,28.03,642.16,57.47,34.02,24.51,17.31,4
11/7/2024 21:00,Battery,5/4/2023 0:00,36,842.73,51.03,40.75,10.03,14.64,2
11/7/2024 22:00,Inverter,11/2/2018 0:00,24.08,822.73,61.38,49.25,7,41.24,4
11/7/2024 23:00,Charge Controller,8/10/2016 0:00,31.1,653.64,67.72,50.66,16.86,39.09,4
11/8/2024 0:00,Solar Panel,6/11/2019 0:00,34.66,607.91,74.68,59.84,5.25,39.12,4
11/8/2024 1:00,Inverter,12/8/2015 0:00,32.32,638.57,84,35.06,7.12,37.79,4
11/8/2024 2:00,Inverter,9/5/2020 0:00,23.76,558.57,57.85,43.84,25.19,36.1,3
11/8/2024 3:00,Charge Controller,10/7/2016 0:00,27.11,523.2,55.02,43.67,24.29,29.17,3
11/8/2024 4:00,Battery,12/31/2016 0:00,35.68,689.82,88.54,39.2,27.88,35.12,3
11/8/2024 5:00,Battery,6/17/2015 0:00,31.08,561.12,54.32,30.92,26.36,13.38,2
11/8/2024 6:00,Battery,9/1/2016 0:00,20.1,572.48,69.14,59.21,22.08,34.37,2
11/8/2024 7:00,Inverter,5/4/2021 0:00,35.22,794.05,73.42,54.87,6.31,40,4
11/8/2024 8:00,Inverter,11/8/2019 0:00,20.71,981.12,71.65,42.44,24.57,30.01,3
11/8/2024 9:00,Inverter,8/2/2020 0:00,34.91,762.18,53.44,46.11,26.14,24.87,2
11/8/2024 10:00,Solar Panel,11/8/2022 0:00,24.05,446.19,52.28,32.95,24.98,21.99,4
11/8/2024 11:00,Charge Controller,3/30/2016 0:00,39.16,445.35,54.22,44.03,17.71,35.14,2
11/8/2024 12:00,Inverter,2/1/2023 0:00,27.36,970.85,73.42,49.32,10.82,36.94,2
11/8/2024 13:00,Charge Controller,9/5/2019 0:00,26.54,578.37,71.77,43.03,26.13,43.35,3
11/8/2024 14:00,Charge Controller,2/17/2023 0:00,22.98,455.24,59.35,59.66,23.18,24.32,2
11/8/2024 15:00,Battery,4/17/2023 0:00,26.11,759.43,75.51,46.4,29.52,39.71,2
11/8/2024 16:00,Solar Panel,12/2/2016 0:00,37.53,774.19,82.8,37.98,8.89,32.21,4
11/8/2024 17:00,Inverter,5/5/2022 0:00,39.93,789.1,51.66,52.03,10.64,43.78,2
11/8/2024 18:00,Battery,5/19/2019 0:00,27.37,560.44,69.93,30.97,10.29,31,2
11/8/2024 19:00,Battery,5/10/2015 0:00,28.97,409.07,77.57,38.46,24.81,30.63,3
11/8/2024 20:00,Inverter,5/26/2023 0:00,34.44,979.01,60.09,37.14,9.67,32.8,4
11/8/2024 21:00,Charge Controller,1/20/2020 0:00,37.72,550.54,62.31,40.11,6.67,38.98,4
11/8/2024 22:00,Battery,10/18/2018 0:00,31.86,805.62,74.55,52.36,29.96,46.73,3
11/8/2024 23:00,Charge Controller,11/6/2022 0:00,27.83,823.98,85.92,41.95,5.62,14.65,4
11/9/2024 0:00,Solar Panel,11/23/2016 0:00,28.25,766,82.4,52.79,25.88,13.92,4
11/9/2024 1:00,Charge Controller,10/26/2018 0:00,33.91,587.74,73.33,45.18,14.13,45.75,2
11/9/2024 2:00,Solar Panel,3/4/2017 0:00,20.06,562.66,79.21,36.97,26.04,31.08,4
11/9/2024 3:00,Charge Controller,1/29/2015 0:00,32.39,758.6,64.59,53.35,18.87,34.14,2
11/9/2024 4:00,Battery,5/29/2015 0:00,27.11,919.66,75.64,33.34,27.54,29.37,2
11/9/2024 5:00,Battery,8/12/2018 0:00,35.88,968.04,68.65,32.85,28.15,15.37,2
11/9/2024 6:00,Solar Panel,8/20/2020 0:00,21.86,463.54,57.6,42.66,5.23,39.65,4
11/9/2024 7:00,Inverter,6/16/2022 0:00,31.76,492.9,78.07,34.13,6.89,38.9,3
11/9/2024 8:00,Solar Panel,2/10/2018 0:00,29.62,966.84,72.26,25.32,11.26,23.22,4
11/9/2024 9:00,Solar Panel,7/6/2015 0:00,32.85,841.92,64.34,47.69,21.73,23.02,4
11/9/2024 10:00,Charge Controller,10/25/2022 0:00,21.3,929.8,86.45,42.89,27.21,42.16,4
11/9/2024 11:00,Charge Controller,8/23/2022 0:00,31.6,521.58,50.84,40.59,16.5,14.6,4
11/9/2024 12:00,Solar Panel,6/4/2018 0:00,31.23,752.55,62.63,58.84,20.17,43.72,4
11/9/2024 13:00,Battery,8/26/2018 0:00,31.21,820.68,52.28,44.99,9.71,21.24,2
11/9/2024 14:00,Charge Controller,4/8/2015 0:00,32.07,808.07,80.66,55.22,25.12,33.35,2
11/9/2024 15:00,Inverter,2/24/2015 0:00,33.53,644.89,78.08,29.88,29.18,45.7,4
11/9/2024 16:00,Charge Controller,4/24/2022 0:00,36.1,409.24,63.25,44.92,11.71,36.41,3
11/9/2024 17:00,Charge Controller,6/4/2022 0:00,25.4,749.76,77.03,55.38,17.37,26.92,4
11/9/2024 18:00,Inverter,1/27/2017 0:00,36.5,551.86,65.84,45.41,7.15,36.82,2
11/9/2024 19:00,Solar Panel,2/10/2016 0:00,29.97,670.15,80.25,50.13,18.98,24.38,4
11/9/2024 20:00,Inverter,10/17/2020 0:00,21.54,974.55,68.17,38.02,17.57,21.98,2
11/9/2024 21:00,Solar Panel,8/5/2018 0:00,21.17,639.42,66.49,28.24,8.61,47.88,4
11/9/2024 22:00,Solar Panel,11/21/2019 0:00,26.68,903.88,87.39,41.03,16.05,39.03,4
11/9/2024 23:00,Solar Panel,1/20/2017 0:00,35.7,513.12,60.04,38.81,13.35,35.21,4
11/10/2024 0:00,Inverter,10/25/2023 0:00,34.15,803.48,54.82,55.35,18.05,24.79,3
11/10/2024 1:00,Solar Panel,10/29/2019 0:00,35.77,986.2,73.38,33.54,19.64,13.77,4
11/10/2024 2:00,Battery,3/25/2023 0:00,30.35,461.14,88.77,58.84,5.21,13.12,2
11/10/2024 3:00,Inverter,12/31/2015 0:00,28.8,404.99,65.11,58.53,24.03,31.95,3
11/10/2024 4:00,Battery,7/19/2020 0:00,22.95,660.15,52.48,33.67,22.83,39.43,3
11/10/2024 5:00,Solar Panel,4/26/2016 0:00,26.56,455.58,63.57,37.18,14.16,31.35,4
11/10/2024 6:00,Charge Controller,2/26/2021 0:00,28.68,849.03,70.24,56.34,6.32,42.27,2
11/10/2024 7:00,Solar Panel,6/3/2015 0:00,21.77,948.73,56.48,58.83,23.87,13.2,4
11/10/2024 8:00,Battery,3/5/2019 0:00,24.41,660.41,76.32,40.52,28.88,25.2,2
11/10/2024 9:00,Battery,10/21/2020 0:00,31.96,555.23,89.91,36.23,11,20.53,3
11/10/2024 10:00,Inverter,7/23/2022 0:00,34.71,660.64,68.07,43.41,13.09,28.1,2
11/10/2024 11:00,Charge Controller,6/1/2021 0:00,39.97,834.07,64.19,49.07,9.6,14.61,4
11/10/2024 12:00,Inverter,11/6/2017 0:00,38.66,405.43,66.03,34.57,19.42,46.35,2
11/10/2024 13:00,Battery,7/23/2019 0:00,32.85,753.67,54.61,50.78,8.87,20.04,3
11/10/2024 14:00,Solar Panel,5/25/2018 0:00,28.42,767.98,85.33,26.81,13.9,45.2,4
11/10/2024 15:00,Charge Controller,3/2/2015 0:00,32.72,782.61,66.59,26.73,22.43,27.33,2
11/10/2024 16:00,Solar Panel,7/27/2017 0:00,35.71,545.21,65.49,38.52,19,47.48,4
11/10/2024 17:00,Solar Panel,6/28/2019 0:00,22.37,828.43,76.39,37.37,14.66,31.95,4
11/10/2024 18:00,Charge Controller,9/20/2020 0:00,28.2,454.83,67.68,36.05,15.51,45.51,4
11/10/2024 19:00,Inverter,1/25/2015 0:00,36.8,519.56,75.93,42.19,19.05,12.19,4
11/10/2024 20:00,Solar Panel,11/28/2017 0:00,27.68,926.48,52.46,36.23,5.15,38.94,4
11/10/2024 21:00,Battery,5/11/2015 0:00,31.44,843.23,82.55,31.73,6.96,44.51,2
11/10/2024 22:00,Solar Panel,6/6/2018 0:00,31.76,408.25,87.62,35.83,27.03,17.03,4
11/10/2024 23:00,Charge Controller,4/18/2015 0:00,23.69,549.03,75.95,59.12,6.95,15.46,4
11/11/2024 0:00,Charge Controller,6/21/2015 0:00,27.24,528.64,88.18,39.39,22.67,27.28,2
11/11/2024 1:00,Charge Controller,12/29/2018 0:00,26.69,562.48,56.06,40.56,28,45.61,4
11/11/2024 2:00,Inverter,4/12/2015 0:00,20.52,548.54,69.1,45.18,11.77,31.53,2
11/11/2024 3:00,Solar Panel,12/23/2022 0:00,20.48,437.52,74.07,59.42,14.26,30.99,4
11/11/2024 4:00,Inverter,1/15/2022 0:00,36.63,675.36,73.27,33.46,19.22,17.08,2
11/11/2024 5:00,Inverter,5/11/2021 0:00,25.46,839.64,66.06,48.84,27.04,12.03,2
11/11/2024 6:00,Charge Controller,6/25/2019 0:00,30.36,764.04,63.52,50.06,28.55,41.17,3
11/11/2024 7:00,Charge Controller,7/13/2023 0:00,25.97,803.72,55.07,46.26,23.49,15.15,4
11/11/2024 8:00,Inverter,11/4/2022 0:00,38.81,448.69,65.67,28.1,7.17,34.82,2
11/11/2024 9:00,Solar Panel,3/24/2023 0:00,25.19,970.89,56.51,48.69,21.73,44.93,4
11/11/2024 10:00,Battery,11/6/2017 0:00,28.59,903.1,79.37,27.24,15.26,19.51,3
11/11/2024 11:00,Inverter,11/26/2015 0:00,37.45,883.05,58.35,45.86,16.77,35.95,2
11/11/2024 12:00,Solar Panel,3/1/2019 0:00,36.84,893.79,52.34,50.89,6.23,14.83,4
11/11/2024 13:00,Charge Controller,1/12/2015 0:00,23.72,959.63,72.09,32.38,9.78,33.74,3
11/11/2024 14:00,Charge Controller,9/3/2018 0:00,36.05,726.55,73.81,54.46,24.76,17.9,2
11/11/2024 15:00,Solar Panel,8/4/2015 0:00,29.16,520.17,84.88,26.06,16.35,38.49,4
11/11/2024 16:00,Battery,12/5/2015 0:00,29.66,770.07,73.08,54.53,12.54,22.84,3
11/11/2024 17:00,Charge Controller,12/5/2019 0:00,22.67,845.73,63.82,41.11,14.6,28.68,2
11/11/2024 18:00,Charge Controller,6/1/2022 0:00,21.61,842.75,82.12,32.62,26.36,33.58,3
11/11/2024 19:00,Charge Controller,8/19/2023 0:00,34.56,712.87,71.61,29.68,23.72,18.17,3
11/11/2024 20:00,Solar Panel,10/17/2019 0:00,29.93,441.08,53.17,58.37,11.81,38.7,4
11/11/2024 21:00,Inverter,2/17/2019 0:00,28.74,622.67,72.63,27.54,7.94,22.9,4
11/11/2024 22:00,Charge Controller,8/18/2021 0:00,34.59,952.46,86.32,31.97,11.3,35.85,4
11/11/2024 23:00,Inverter,4/12/2023 0:00,35.31,750.67,65.85,37.17,28.02,17.7,3
11/12/2024 0:00,Battery,12/10/2016 0:00,23.18,723,61.85,46.71,19.54,36.77,3
11/12/2024 1:00,Charge Controller,5/8/2018 0:00,32.2,561.31,55.74,44.07,18.34,16.61,4
11/12/2024 2:00,Charge Controller,11/18/2021 0:00,22.71,621.07,56.06,29.4,19.91,27.31,3
11/12/2024 3:00,Battery,1/17/2018 0:00,35.03,937.21,67.31,35.14,14.15,20.9,2
11/12/2024 4:00,Charge Controller,7/15/2018 0:00,33.14,799.88,73.83,33.36,25.18,38.94,2
11/12/2024 5:00,Inverter,5/3/2016 0:00,39.13,872.43,53.22,32.47,18.08,21.43,4
11/12/2024 6:00,Solar Panel,4/11/2019 0:00,21.38,672.61,87.58,39.39,7.92,43.74,4
11/12/2024 7:00,Inverter,2/16/2015 0:00,21.14,778.15,80.21,49.64,8.23,44.11,2
11/12/2024 8:00,Solar Panel,2/16/2017 0:00,25.64,549.03,73.46,32.61,18.42,19.07,4
11/12/2024 9:00,Solar Panel,11/5/2017 0:00,25.23,823.28,83.14,37.83,28.41,34.1,4
11/12/2024 10:00,Inverter,12/11/2016 0:00,24.94,656.56,53.21,38.68,12.71,15.16,2
11/12/2024 11:00,Inverter,2/5/2016 0:00,38.13,665.53,69.07,59.18,26.74,26.1,4
11/12/2024 12:00,Inverter,12/23/2019 0:00,24.99,789.59,75.2,58.41,24.1,37.68,3
11/12/2024 13:00,Inverter,4/17/2023 0:00,25.44,961.77,83.15,53,11.2,35.74,2
11/12/2024 14:00,Battery,8/24/2023 0:00,35.19,438.4,81.34,33.46,5.91,34.49,2
11/12/2024 15:00,Charge Controller,9/7/2015 0:00,28.99,894.85,61.08,27.38,7.55,22.17,4
11/12/2024 16:00,Solar Panel,1/26/2016 0:00,35.53,575.43,87.64,36.09,23.21,25.61,4
11/12/2024 17:00,Inverter,12/1/2015 0:00,21.31,666.35,54.97,34.34,9.99,15.71,3
11/12/2024 18:00,Inverter,9/20/2016 0:00,29.75,413.15,85.01,42.71,14.28,37.88,3
11/12/2024 19:00,Inverter,5/17/2015 0:00,20.67,580.63,88.84,52.22,17.54,30.14,4
11/12/2024 20:00,Battery,1/9/2023 0:00,21.25,701.58,57.09,55.04,23.14,37.52,3
11/12/2024 21:00,Inverter,6/28/2022 0:00,38.13,433.71,78.88,54.57,7.83,20.96,4
11/12/2024 22:00,Inverter,3/2/2019 0:00,22.78,694.66,51.61,37.59,15.16,23.68,4
11/12/2024 23:00,Inverter,4/6/2017 0:00,30.65,956.27,66.22,49.05,17.13,24.03,4
11/13/2024 0:00,Charge Controller,12/27/2016 0:00,28.22,463.24,70.65,35.95,18.52,12.93,2
11/13/2024 1:00,Battery,2/9/2019 0:00,26.95,858.66,73.23,27.13,25.46,24.28,2
11/13/2024 2:00,Inverter,3/26/2022 0:00,38,645.8,87.44,49.55,9.29,40.92,2
11/13/2024 3:00,Solar Panel,9/16/2017 0:00,20.44,793.1,76.89,25.34,25.2,44.3,4
11/13/2024 4:00,Solar Panel,8/16/2021 0:00,33.28,556.14,69.25,39.32,22.32,30.66,4
11/13/2024 5:00,Solar Panel,7/23/2017 0:00,39.27,495.7,82.39,36.53,18.9,28.4,4
11/13/2024 6:00,Battery,5/1/2023 0:00,31.2,496.28,88.02,49.27,22.49,13.11,3
11/13/2024 7:00,Battery,2/6/2016 0:00,38.74,442.3,50.88,51.82,15.3,43.65,2
11/13/2024 8:00,Solar Panel,1/6/2019 0:00,21.05,511.39,89.3,35.64,8.46,12.47,4
11/13/2024 9:00,Inverter,9/6/2016 0:00,28.38,798.53,53.45,53.41,21.64,46.01,2
11/13/2024 10:00,Battery,7/20/2018 0:00,25.2,929.01,82.58,35.29,18.12,29.61,2
11/13/2024 11:00,Solar Panel,3/28/2018 0:00,34.62,888.48,61.21,40.62,20.98,24.31,4
11/13/2024 12:00,Solar Panel,10/29/2023 0:00,39.63,811.08,55.29,50.45,13.45,45.27,4
11/13/2024 13:00,Inverter,5/1/2023 0:00,25.13,466.26,67.59,49.25,27.67,12.88,2
11/13/2024 14:00,Charge Controller,4/21/2022 0:00,33.08,573.51,75.76,59.56,19.68,32.93,4
11/13/2024 15:00,Battery,2/13/2021 0:00,23.96,585.88,65.24,32.88,7.14,31.76,2
11/13/2024 16:00,Inverter,1/26/2018 0:00,31.31,549.97,52.18,48.18,16.25,19.9,4
11/13/2024 17:00,Solar Panel,5/11/2015 0:00,29.28,709,73.98,46.34,23.91,27.44,4
11/13/2024 18:00,Solar Panel,10/23/2022 0:00,39.44,721.33,86.1,57.03,24.85,35.48,4
11/13/2024 19:00,Inverter,4/9/2018 0:00,32.17,614.13,65.33,30.47,17.36,38.18,2
11/13/2024 20:00,Battery,3/3/2023 0:00,26.99,612.27,58.65,51.31,27.37,12.03,3
11/13/2024 21:00,Charge Controller,4/22/2023 0:00,22.28,897.13,67.7,44.89,11.69,45.73,2
11/13/2024 22:00,Charge Controller,7/2/2015 0:00,23.02,873.58,51.93,34.61,15.26,17.92,2
11/13/2024 23:00,Solar Panel,4/19/2023 0:00,24.51,584.68,82.82,41.61,27.46,20.41,4
11/14/2024 0:00,Battery,12/30/2015 0:00,25.02,948.27,83.05,36.68,27.41,21.49,2
11/14/2024 1:00,Charge Controller,2/8/2015 0:00,37.01,971.69,73.52,45.28,22.14,13.36,4
11/14/2024 2:00,Battery,12/19/2021 0:00,31.22,596.05,64.12,56.12,26.47,16.43,2
11/14/2024 3:00,Battery,10/4/2018 0:00,30.47,612.65,81.99,44.93,7.22,47.51,3
11/14/2024 4:00,Solar Panel,4/18/2023 0:00,22.3,703.38,72.19,47.11,26.62,23.35,4
11/14/2024 5:00,Charge Controller,7/9/2017 0:00,37.2,964.67,83.04,43.16,13.02,16.15,2
11/14/2024 6:00,Inverter,8/1/2022 0:00,34.46,925.79,75.26,26.79,9.46,15.85,3
11/14/2024 7:00,Solar Panel,11/7/2023 0:00,21.35,461.54,81.38,33.15,10.98,37.9,4
11/14/2024 8:00,Charge Controller,1/16/2015 0:00,34.16,635.64,73.94,42.22,15.45,42.76,3
11/14/2024 9:00,Charge Controller,5/7/2016 0:00,30.87,732.02,66.57,35.86,11.28,21.25,4
11/14/2024 10:00,Charge Controller,12/20/2018 0:00,21.63,701.88,88.32,31.36,13.01,12.75,3
11/14/2024 11:00,Charge Controller,2/5/2018 0:00,29.17,516.32,71.64,42.64,8.37,20.03,3
11/14/2024 12:00,Charge Controller,1/20/2023 0:00,29.69,915.29,74.2,36.3,12.4,14.03,4
11/14/2024 13:00,Battery,11/7/2015 0:00,23.32,806.16,58.82,34.03,19.31,15.72,3
11/14/2024 14:00,Solar Panel,1/8/2017 0:00,38.91,902.75,75.03,41.24,16.05,27.53,4
11/14/2024 15:00,Battery,11/16/2023 0:00,37,915.26,72.86,29.66,13.67,20.28,2
11/14/2024 16:00,Inverter,6/29/2016 0:00,33.38,849.01,57.39,57.47,23.66,30.57,3
11/14/2024 17:00,Charge Controller,9/27/2021 0:00,29.25,663.53,52.38,55.37,27.34,21.13,4
11/14/2024 18:00,Solar Panel,9/8/2015 0:00,28.24,766.33,74.17,49.77,23.92,45.86,4
11/14/2024 19:00,Charge Controller,1/28/2017 0:00,33.02,496.22,80.55,28.72,13.3,44.61,2
11/14/2024 20:00,Solar Panel,12/10/2019 0:00,30.91,804.19,70.94,52.16,23.61,32.41,4
11/14/2024 21:00,Battery,10/18/2023 0:00,21.25,507.55,59.07,53.28,8.8,24.76,3
11/14/2024 22:00,Solar Panel,7/21/2018 0:00,30.25,816.37,76.66,51.87,8.26,25.72,4
11/14/2024 23:00,Inverter,6/20/2019 0:00,36.13,537.76,53.2,28.99,13.64,26.83,2
11/15/2024 0:00,Inverter,3/29/2020 0:00,29.18,470.53,67.67,47.54,25.19,38.19,2
11/15/2024 1:00,Solar Panel,7/8/2023 0:00,21.04,499.17,56.53,54.2,11.16,28.26,4
11/15/2024 2:00,Solar Panel,3/24/2017 0:00,35.73,401.2,57.38,45.21,6.58,42.84,4
11/15/2024 3:00,Solar Panel,1/29/2015 0:00,24.03,831.24,58.09,47.62,8.29,45.99,4
11/15/2024 4:00,Solar Panel,8/15/2017 0:00,25.17,839.44,65.47,41.04,26.47,24.09,4
11/15/2024 5:00,Inverter,7/25/2020 0:00,23.29,708.96,52.05,43.5,20.84,32.19,3
11/15/2024 6:00,Charge Controller,4/21/2016 0:00,26.6,496.82,65.91,26.2,11.33,15.42,3
11/15/2024 7:00,Solar Panel,11/14/2015 0:00,35.14,450.13,70.47,47.36,18.88,19.22,4
11/15/2024 8:00,Solar Panel,9/2/2015 0:00,30.39,411.48,69.33,27.85,18.19,26.88,4
11/15/2024 9:00,Inverter,1/17/2017 0:00,24.1,499.45,65.31,40.23,21.39,19.42,4
11/15/2024 10:00,Inverter,11/27/2016 0:00,37.56,934.51,83.57,35.24,10.83,43.56,4
11/15/2024 11:00,Battery,9/29/2015 0:00,37.59,544.92,55.81,44.09,26.61,17.7,2
11/15/2024 12:00,Solar Panel,11/7/2019 0:00,37.41,612.56,70.23,29.67,12.73,28.4,4
11/15/2024 13:00,Battery,6/16/2018 0:00,24.78,463.21,52.48,49.21,22.35,33.81,3
11/15/2024 14:00,Inverter,8/21/2021 0:00,29.02,533.42,52.85,52.83,5.4,36.91,4
11/15/2024 15:00,Inverter,9/23/2015 0:00,39.7,711.53,72.95,30.72,14.32,25.79,2
11/15/2024 16:00,Charge Controller,2/21/2023 0:00,35.44,764.65,72.64,28.65,13.79,43.29,2
11/15/2024 17:00,Solar Panel,7/9/2017 0:00,20.54,547.21,85.12,30.09,18.59,32.46,4
11/15/2024 18:00,Battery,12/6/2015 0:00,21.3,434.64,72.31,55.7,6.82,27.82,2
11/15/2024 19:00,Inverter,1/24/2016 0:00,29.28,634.62,88.39,43.49,24.75,14.42,4
11/15/2024 20:00,Inverter,3/9/2022 0:00,38.18,540.52,51.95,41.35,10.44,28.73,4
11/15/2024 21:00,Battery,8/12/2020 0:00,30.77,531.73,53.92,28.73,21.93,41.55,3
11/15/2024 22:00,Charge Controller,3/11/2018 0:00,29.96,975.92,51.76,47.73,25.08,34.12,2
11/15/2024 23:00,Inverter,1/11/2016 0:00,22.11,769.78,57.41,55.38,19.05,41.96,2
11/16/2024 0:00,Solar Panel,7/26/2020 0:00,33.14,734.13,71.65,53.99,23.52,29.78,4
11/16/2024 1:00,Inverter,6/29/2021 0:00,36.44,649.47,75.82,46.91,21.55,16.26,2
11/16/2024 2:00,Solar Panel,5/26/2015 0:00,27.61,657.37,51.82,27.63,13.89,12.49,4
11/16/2024 3:00,Battery,6/4/2020 0:00,35.51,724.54,87.84,28.93,25.22,22.92,2
11/16/2024 4:00,Solar Panel,10/20/2015 0:00,39.29,817.86,83.69,26.73,12.37,37.13,4
11/16/2024 5:00,Battery,3/7/2016 0:00,24.08,821.29,61.86,34.01,19.28,40.45,2
11/16/2024 6:00,Solar Panel,12/5/2016 0:00,30.47,503.02,53.09,29.75,23.63,22.65,4
11/16/2024 7:00,Battery,3/16/2023 0:00,25.74,700.07,56.8,34.1,14.47,29.84,2
11/16/2024 8:00,Solar Panel,6/21/2020 0:00,35.86,647.17,55.08,38.48,12.57,27.16,4
11/16/2024 9:00,Charge Controller,3/17/2022 0:00,31.55,922.32,54.93,58,16.48,26.78,4
11/16/2024 10:00,Solar Panel,2/3/2016 0:00,32.69,778.85,70.74,46.36,25.45,20.33,4
11/16/2024 11:00,Solar Panel,11/4/2022 0:00,35.96,719.5,59.83,54.22,28.25,16.91,4
11/16/2024 12:00,Charge Controller,8/21/2017 0:00,27.92,469.24,64.33,49.86,18.63,19.08,4
11/16/2024 13:00,Inverter,10/17/2023 0:00,38.3,763.38,89.58,28.94,21.54,13.99,3
11/16/2024 14:00,Inverter,2/12/2021 0:00,30.66,470.32,77.37,50.76,27.58,19.13,4
11/16/2024 15:00,Solar Panel,8/3/2020 0:00,23.16,602.32,87.96,34.63,7.46,12.33,4
11/16/2024 16:00,Charge Controller,1/3/2020 0:00,33.92,485.71,55.7,47.37,10.8,34.58,2
11/16/2024 17:00,Solar Panel,10/9/2020 0:00,35.87,815.24,65.29,36.93,22.72,23.39,4
11/16/2024 18:00,Battery,7/27/2017 0:00,26.34,523.75,72.19,59.92,25.59,47.03,2
11/16/2024 19:00,Battery,12/10/2016 0:00,37.14,635.12,53.07,34.22,26.43,18.97,2
11/16/2024 20:00,Solar Panel,3/17/2017 0:00,38.12,937.4,50.17,34.77,15.38,24.45,4
11/16/2024 21:00,Inverter,1/3/2019 0:00,25.54,522.59,76.82,57.57,7.23,24.88,4
11/16/2024 22:00,Inverter,8/18/2018 0:00,39.67,704.68,75.67,25.86,15.94,12.3,4
11/16/2024 23:00,Solar Panel,1/11/2015 0:00,22.81,651.56,66.43,49.38,10.77,42.21,4
11/17/2024 0:00,Solar Panel,12/21/2017 0:00,24.04,410.87,69.59,50.39,12.28,13.15,4
11/17/2024 1:00,Battery,2/12/2020 0:00,23.68,875.65,66.62,54.27,24.31,45.85,2
11/17/2024 2:00,Inverter,3/23/2021 0:00,37.88,441.43,50.96,59.11,6.89,44.11,2
11/17/2024 3:00,Solar Panel,10/30/2023 0:00,33.09,684.55,63.41,59.15,25.69,31.28,4
11/17/2024 4:00,Battery,2/24/2022 0:00,23.04,736.41,57.08,27.28,15.69,31.57,2
11/17/2024 5:00,Inverter,2/10/2017 0:00,28.81,777.06,53.94,53.76,19.9,35.54,2
11/17/2024 6:00,Charge Controller,5/14/2019 0:00,32.31,813.18,88.27,47.62,7.24,25.93,3
11/17/2024 7:00,Battery,5/27/2019 0:00,21.67,551.96,73.97,47.66,13.43,35.3,2
11/17/2024 8:00,Inverter,8/26/2018 0:00,37.65,405.99,79.15,29.49,7.24,13.61,4
11/17/2024 9:00,Inverter,6/3/2017 0:00,36.07,834.07,62.61,47.76,29.04,13.95,4
11/17/2024 10:00,Battery,10/21/2018 0:00,30.1,721.39,65.73,59.39,25.18,28.46,3
11/17/2024 11:00,Charge Controller,9/14/2023 0:00,39.34,901.67,59.48,56.91,16.49,31.79,2
11/17/2024 12:00,Battery,8/14/2015 0:00,28.36,892.83,53.88,40.37,10.59,43.96,2
11/17/2024 13:00,Inverter,4/4/2017 0:00,39.68,906,57.16,26.4,28.34,15.77,3
11/17/2024 14:00,Solar Panel,3/15/2021 0:00,33.36,691.06,81.9,37.68,13.61,41.62,4
11/17/2024 15:00,Solar Panel,7/25/2017 0:00,32.69,600.18,77.1,53.92,9.02,19.56,4
11/17/2024 16:00,Battery,9/1/2022 0:00,23.32,874.93,71.88,49.55,19.08,26.19,2
11/17/2024 17:00,Inverter,12/28/2021 0:00,37.64,670.78,69,41.08,28.59,23.4,3
11/17/2024 18:00,Solar Panel,4/25/2021 0:00,28.55,510.07,86.9,26.93,5.1,26.41,4
11/17/2024 19:00,Inverter,3/26/2020 0:00,23.24,912.98,52.91,39.94,10.95,17.42,3
11/17/2024 20:00,Battery,12/2/2019 0:00,20.25,929.54,61.22,41.42,28.46,30.13,3
11/17/2024 21:00,Solar Panel,2/23/2015 0:00,31.2,679.79,64,57.5,9.28,40.86,4
11/17/2024 22:00,Inverter,7/16/2023 0:00,30.55,445.42,81.3,47.44,7.83,27.9,2
11/17/2024 23:00,Solar Panel,12/27/2016 0:00,34.39,632.7,89.7,35.91,19.25,29.66,4
11/18/2024 0:00,Battery,6/29/2022 0:00,37.81,882.12,59.63,43.39,26.55,42.56,3
11/18/2024 1:00,Inverter,3/25/2019 0:00,21.59,941.06,84.97,27.31,16.93,37.42,3
11/18/2024 2:00,Solar Panel,9/6/2023 0:00,34.63,522.08,83.22,59.04,29.86,29.66,4
11/18/2024 3:00,Battery,11/9/2017 0:00,23.75,440.18,58.99,37.6,21.98,21.28,2
11/18/2024 4:00,Solar Panel,3/28/2020 0:00,37.16,926.41,65.97,41.73,6.85,43.86,4
11/18/2024 5:00,Solar Panel,11/12/2019 0:00,36.38,633.64,66.39,37.43,29.82,32.77,4
11/18/2024 6:00,Charge Controller,5/16/2019 0:00,30.82,725.06,89.13,48.89,15.2,19.96,4
11/18/2024 7:00,Charge Controller,3/29/2020 0:00,34.2,980.84,57.24,48.18,12.19,21.69,2
11/18/2024 8:00,Battery,10/2/2021 0:00,26.29,439.94,81.97,50.04,18.95,40.91,3
11/18/2024 9:00,Charge Controller,6/30/2022 0:00,29.42,788.99,63.37,34.39,12.61,13.59,2
11/18/2024 10:00,Battery,4/29/2017 0:00,36.43,444.46,79.23,36.05,7.16,47.72,3
11/18/2024 11:00,Charge Controller,10/10/2020 0:00,29.19,625.28,66.8,29.38,5.04,16.69,2
11/18/2024 12:00,Solar Panel,10/22/2023 0:00,27.16,882.29,73.13,47.94,16.24,40.66,4
11/18/2024 13:00,Battery,3/13/2021 0:00,29.88,660.08,83.3,26.39,25.92,26.21,2
11/18/2024 14:00,Battery,1/3/2015 0:00,36.56,998.31,82.17,45.92,19.31,29.72,2
11/18/2024 15:00,Solar Panel,6/9/2015 0:00,26.7,735.44,84.66,55.44,29.98,43.7,4
11/18/2024 16:00,Battery,2/19/2017 0:00,23.48,592.7,52.38,56.18,12.17,26.86,2
11/18/2024 17:00,Battery,9/27/2023 0:00,34.24,532.07,77.68,40.72,12.01,31.35,2
11/18/2024 18:00,Charge Controller,6/11/2017 0:00,36.52,610.31,55.6,41.08,8.99,13.77,2
11/18/2024 19:00,Battery,7/23/2020 0:00,22.01,623.52,66.63,27.69,9.1,12.08,3
11/18/2024 20:00,Inverter,8/27/2023 0:00,24.8,441.23,71.94,48.48,12.13,20.81,3
11/18/2024 21:00,Solar Panel,7/4/2021 0:00,22.84,621.74,66.11,53.74,24.82,36.5,4
11/18/2024 22:00,Charge Controller,8/2/2016 0:00,26.96,678.54,70.78,33.56,27.64,16.37,4
11/18/2024 23:00,Charge Controller,4/17/2020 0:00,29.01,833.64,89.86,39.75,29.38,16.1,3
11/19/2024 0:00,Inverter,10/12/2018 0:00,34.98,794.04,55.41,54.36,10.81,26.79,3
11/19/2024 1:00,Solar Panel,7/14/2018 0:00,33.02,825.26,77.02,55.7,27.03,35.32,4
11/19/2024 2:00,Solar Panel,6/29/2019 0:00,32.42,405.02,65.84,33.51,13.21,37.63,4
11/19/2024 3:00,Charge Controller,8/9/2017 0:00,27.05,530.6,55.32,44.27,7.82,18.42,3
11/19/2024 4:00,Battery,5/6/2022 0:00,36.83,797.01,56.35,31.74,26.75,14.87,3
11/19/2024 5:00,Charge Controller,9/14/2017 0:00,29.43,690.39,87.97,28.57,20.9,45.85,3
11/19/2024 6:00,Solar Panel,5/3/2018 0:00,39.58,403.19,85.18,56.89,9.12,21.38,4
11/19/2024 7:00,Inverter,7/9/2017 0:00,32.68,882.7,86.28,53.72,15.75,42.72,4
11/19/2024 8:00,Charge Controller,8/17/2022 0:00,22.53,863.69,89.66,51.6,12.18,43.09,2
11/19/2024 9:00,Solar Panel,9/17/2018 0:00,33.52,729.05,58.33,26.71,23.42,39.81,4
11/19/2024 10:00,Charge Controller,6/19/2015 0:00,26.5,439.88,64.22,54.53,16.34,18.08,4
11/19/2024 11:00,Battery,6/4/2016 0:00,33.73,859.91,76.77,40.33,29.73,41.58,3
11/19/2024 12:00,Charge Controller,1/26/2019 0:00,21.39,750.23,69.35,36.98,6.37,39.69,2
11/19/2024 13:00,Charge Controller,2/9/2015 0:00,23.5,869.18,66.74,44.13,13.88,33.48,2
11/19/2024 14:00,Solar Panel,4/10/2019 0:00,37.11,851.05,64.31,28.2,17.05,24.14,4
11/19/2024 15:00,Solar Panel,11/19/2018 0:00,24.54,881.8,73.75,51.48,17.58,21.45,4
11/19/2024 16:00,Solar Panel,8/12/2017 0:00,36.74,710.8,73.02,45.39,12.9,16.39,4
11/19/2024 17:00,Charge Controller,9/10/2017 0:00,25.59,484.19,56.46,31.53,23.23,30.35,2
11/19/2024 18:00,Battery,10/1/2023 0:00,32.86,802.69,68.87,31.59,26.87,33.07,3
11/19/2024 19:00,Inverter,9/1/2017 0:00,33.88,772.28,72.14,31.45,28.47,24.94,4
11/19/2024 20:00,Inverter,2/7/2015 0:00,30.25,845.35,72.81,27,25.13,29.11,2
11/19/2024 21:00,Solar Panel,7/3/2021 0:00,26.11,501.93,58.4,45.57,26.26,25.09,4
11/19/2024 22:00,Solar Panel,6/28/2018 0:00,24.25,516.99,79.69,54.41,18.76,35.08,4
11/19/2024 23:00,Charge Controller,4/14/2018 0:00,20.66,934.25,51.01,25.61,25.65,44.45,4
11/20/2024 0:00,Inverter,6/14/2019 0:00,26.08,849.99,64.19,26.72,12.59,17.9,4
11/20/2024 1:00,Solar Panel,7/2/2017 0:00,33.06,944.94,81.21,45.05,14.96,25.73,4
11/20/2024 2:00,Battery,3/29/2016 0:00,38.77,855.23,72.56,53.68,12.92,17.07,3
11/20/2024 3:00,Battery,2/6/2015 0:00,37.42,758.29,60.45,36.44,16.68,34.5,3
11/20/2024 4:00,Solar Panel,9/8/2019 0:00,35.32,792.48,77.8,37.24,12.14,38.24,4
11/20/2024 5:00,Solar Panel,4/9/2023 0:00,35.77,933.48,72.7,45.87,29.04,45.55,4
11/20/2024 6:00,Inverter,3/6/2017 0:00,33.3,747.28,81.85,34.6,12.82,22.04,3
11/20/2024 7:00,Inverter,8/30/2017 0:00,25.21,779.43,79.4,25.93,7.45,46.21,2
11/20/2024 8:00,Charge Controller,8/15/2016 0:00,38.14,493.89,74.4,50.73,18.17,14.28,2
11/20/2024 9:00,Inverter,2/11/2018 0:00,33.41,684.35,69.53,46.9,6.43,33.71,3
11/20/2024 10:00,Battery,7/9/2023 0:00,31.21,829.84,55.33,45.33,7.76,14.06,2
11/20/2024 11:00,Battery,8/17/2018 0:00,22.22,562.57,60.45,50.96,10.48,44.18,3
11/20/2024 12:00,Solar Panel,3/21/2021 0:00,28.94,521.35,66.76,48.63,16.61,31.07,4
11/20/2024 13:00,Inverter,11/14/2015 0:00,29.21,588.3,73.97,32.21,15.83,36.1,4
11/20/2024 14:00,Charge Controller,7/24/2021 0:00,37.29,544.9,70.55,37.34,24.99,41.94,3
11/20/2024 15:00,Battery,12/2/2020 0:00,30.93,528.95,61.53,29.41,23.49,17.41,2
11/20/2024 16:00,Battery,7/8/2022 0:00,27.61,654.91,50.26,29.54,15.66,13.39,3
11/20/2024 17:00,Charge Controller,9/8/2018 0:00,39.54,944.7,69.85,48.67,13.34,43.64,3
11/20/2024 18:00,Charge Controller,5/11/2019 0:00,22.21,704.24,61.43,55.05,12.91,23.34,2
11/20/2024 19:00,Battery,7/9/2023 0:00,28.45,512.75,79.38,58.7,24.35,16.64,2
11/20/2024 20:00,Battery,3/4/2020 0:00,20.84,446.18,50.96,46.99,6.3,28.86,3
11/20/2024 21:00,Charge Controller,9/18/2020 0:00,34.8,817.69,73.39,31.44,5.32,33.54,2
11/20/2024 22:00,Battery,6/19/2020 0:00,38.36,629.68,87.66,28.7,24.89,13.11,3
11/20/2024 23:00,Solar Panel,11/8/2019 0:00,25.6,893.1,56.98,53.45,16.93,21.9,4
11/21/2024 0:00,Solar Panel,8/5/2018 0:00,37.17,795.71,68.87,45.26,8.27,13.18,4
11/21/2024 1:00,Charge Controller,7/9/2018 0:00,25.84,877.74,53.66,46.64,10.89,27.13,4
11/21/2024 2:00,Inverter,8/4/2015 0:00,38.22,563.17,75.03,52.35,28.31,44.22,4
11/21/2024 3:00,Charge Controller,10/24/2023 0:00,35.08,815.42,72.02,49.61,26.49,47.38,4
11/21/2024 4:00,Charge Controller,7/11/2021 0:00,36.1,558.44,66.29,54.21,22.74,34.93,4
11/21/2024 5:00,Inverter,11/14/2023 0:00,20.36,963.44,70.86,26.97,17.06,17.82,3
11/21/2024 6:00,Inverter,11/9/2020 0:00,39.26,781.82,85.86,51.16,18.01,44.61,4
11/21/2024 7:00,Inverter,7/28/2021 0:00,34.53,594.71,57.85,54.78,29.38,30.58,4
11/21/2024 8:00,Solar Panel,3/3/2022 0:00,26.1,561.71,50.9,35.01,29.14,17.53,4
11/21/2024 9:00,Battery,11/3/2022 0:00,36.59,514.56,84.47,47.42,10.38,45.18,2
11/21/2024 10:00,Solar Panel,9/1/2019 0:00,25.63,816.78,73.08,36,25.28,39.27,4
11/21/2024 11:00,Battery,9/29/2022 0:00,37.46,531.23,85.63,58.53,9.93,38.34,2
11/21/2024 12:00,Solar Panel,12/29/2015 0:00,22.25,757.18,73.88,26.17,10.34,37.53,4
11/21/2024 13:00,Battery,2/17/2022 0:00,34.07,558.78,82.41,45.29,21.9,19.21,3
11/21/2024 14:00,Solar Panel,9/13/2019 0:00,30.81,797.18,67.19,30.83,15.13,19.6,4
11/21/2024 15:00,Inverter,4/8/2018 0:00,21.93,888.96,79.99,49.93,28.29,36.78,4
11/21/2024 16:00,Charge Controller,12/22/2015 0:00,24.84,866.82,86.52,31.16,7.23,19.91,2
11/21/2024 17:00,Solar Panel,7/10/2015 0:00,20.25,856.51,72.88,33.24,17.79,27.79,4
11/21/2024 18:00,Battery,10/5/2021 0:00,29.38,512.63,57.23,42.3,27.96,40.15,3
11/21/2024 19:00,Inverter,11/30/2016 0:00,26.03,453.03,60.75,57.02,27.6,40.22,2
11/21/2024 20:00,Solar Panel,8/16/2020 0:00,31.97,819.37,57.95,32.41,8.91,28.32,4
11/21/2024 21:00,Solar Panel,12/20/2020 0:00,25.94,621.01,59.87,30.05,14.17,40.52,4
11/21/2024 22:00,Inverter,7/10/2016 0:00,26,659.41,62.26,51.56,20.48,42.19,2
11/21/2024 23:00,Solar Panel,4/5/2017 0:00,34.86,418.69,72.21,42.52,8.98,35.57,4
11/22/2024 0:00,Charge Controller,9/9/2022 0:00,20.96,555.75,73.52,56.91,29.2,20.22,2
11/22/2024 1:00,Solar Panel,11/20/2017 0:00,38.06,420.21,67.06,30.13,27.87,21.86,4
11/22/2024 2:00,Charge Controller,1/26/2022 0:00,37.05,927.51,74.62,47.61,9.17,23.33,2
11/22/2024 3:00,Charge Controller,3/1/2016 0:00,33.36,546.04,53.26,33.15,8.03,16.2,2
11/22/2024 4:00,Inverter,6/12/2022 0:00,31.86,734.4,53.51,30.49,7.14,21.83,3
11/22/2024 5:00,Solar Panel,8/7/2021 0:00,37.85,423.39,56.87,48.92,27.74,19.54,4
11/22/2024 6:00,Inverter,4/24/2019 0:00,23.71,800.11,70.72,45.78,9.84,28.39,2
11/22/2024 7:00,Solar Panel,10/30/2020 0:00,21.58,593.82,58.56,51.42,15.41,44.7,4
11/22/2024 8:00,Solar Panel,7/31/2021 0:00,24.79,938.75,61.33,35.83,16.22,15.76,4
11/22/2024 9:00,Battery,8/11/2016 0:00,35.89,932.87,66.01,40.68,19.98,37.93,3
11/22/2024 10:00,Solar Panel,7/5/2020 0:00,20.69,595.17,82.47,39.19,6.79,36.74,4
11/22/2024 11:00,Inverter,3/28/2019 0:00,31.66,940.58,50.55,59.44,10.67,15.45,4
11/22/2024 12:00,Charge Controller,10/22/2015 0:00,39.91,997.69,75.98,35.23,28.29,45.21,2
11/22/2024 13:00,Solar Panel,6/8/2020 0:00,37.11,895.25,76.76,35.32,27.71,32.46,4
11/22/2024 14:00,Battery,6/1/2018 0:00,30.43,906.92,81.95,37.41,24.53,25.09,3
11/22/2024 15:00,Inverter,3/29/2019 0:00,21.27,549.41,87.31,44.76,5.49,39.24,3
11/22/2024 16:00,Solar Panel,7/15/2023 0:00,36.63,746.02,50.81,33.83,13.18,21.27,4
11/22/2024 17:00,Inverter,8/18/2019 0:00,31.98,440.35,56.15,57.04,20.7,36.97,2
11/22/2024 18:00,Battery,2/10/2018 0:00,22.3,456.95,85.45,34.3,11.88,13.43,2
11/22/2024 19:00,Battery,6/10/2018 0:00,21.88,999.34,68.34,56.35,27.74,42.22,3
11/22/2024 20:00,Inverter,8/26/2020 0:00,38.19,595.98,72.58,28.62,20.85,28.13,4
11/22/2024 21:00,Solar Panel,12/26/2015 0:00,33.38,848.91,76.52,47.98,6.8,34.92,4
11/22/2024 22:00,Charge Controller,12/23/2022 0:00,36.59,884,77.16,56.74,27.73,19.96,3
11/22/2024 23:00,Battery,11/30/2016 0:00,37.58,914.81,87.27,30.91,28.94,36.37,3
11/23/2024 0:00,Solar Panel,3/23/2016 0:00,31.44,998.58,89.88,58.89,6.94,39.8,4
11/23/2024 1:00,Solar Panel,12/13/2022 0:00,30.35,544.9,78.81,40.85,18.31,29.04,4
11/23/2024 2:00,Charge Controller,8/9/2021 0:00,28.61,424.21,61.49,58.1,12.58,34.24,3
11/23/2024 3:00,Battery,11/5/2016 0:00,26.34,646.71,85.19,48.69,14.82,28.43,3
11/23/2024 4:00,Battery,10/4/2017 0:00,28.69,478.05,51.97,35.56,9.49,44.19,3
11/23/2024 5:00,Solar Panel,9/11/2018 0:00,35.48,413.46,59.24,31.59,19.45,29.92,4
11/23/2024 6:00,Solar Panel,11/19/2021 0:00,32.04,616.26,85.9,35.63,28.95,42.31,4
11/23/2024 7:00,Charge Controller,9/27/2021 0:00,37.85,870.24,60.25,28.26,17.58,40.85,2
11/23/2024 8:00,Charge Controller,8/8/2016 0:00,28.87,739.71,58.83,30.04,7.07,26.78,2
11/23/2024 9:00,Battery,6/10/2018 0:00,32.14,587.67,55.53,28.66,20.5,20.28,3
11/23/2024 10:00,Inverter,6/1/2018 0:00,32.63,792.61,84.36,39.8,13.51,26.62,4
11/23/2024 11:00,Battery,9/20/2017 0:00,31.83,539.21,70,52.85,26.4,41.74,3
11/23/2024 12:00,Solar Panel,12/6/2018 0:00,34.05,408.63,77,29.95,15.87,20.19,4
11/23/2024 13:00,Battery,7/25/2016 0:00,24.75,858.61,59.56,29.56,9.82,30.88,3
11/23/2024 14:00,Inverter,7/10/2021 0:00,30.25,774.25,80.32,47.52,9.78,41.02,3
11/23/2024 15:00,Charge Controller,5/30/2018 0:00,22.08,857.38,80.4,31.9,24.22,24.73,2
11/23/2024 16:00,Inverter,9/15/2020 0:00,27.69,423.36,62.5,28.42,11.64,35.12,3
11/23/2024 17:00,Inverter,9/15/2017 0:00,29.75,902.27,66.43,30.84,24.18,20.84,4
11/23/2024 18:00,Inverter,10/5/2015 0:00,33.04,771.72,58.39,57.33,10.15,15.93,4
11/23/2024 19:00,Charge Controller,5/4/2018 0:00,39.01,738.04,89.06,53.75,13.04,40.6,3
11/23/2024 20:00,Inverter,2/11/2023 0:00,32.01,774.77,75.82,37.39,16.64,15.56,4
11/23/2024 21:00,Inverter,3/2/2020 0:00,34.87,918.66,87.38,47.95,28.58,21.77,4
11/23/2024 22:00,Inverter,4/28/2016 0:00,30.13,752.16,62.14,43.8,28.29,42.78,2
11/23/2024 23:00,Solar Panel,6/19/2018 0:00,32.68,748.57,81.28,48.7,10.17,24.47,4
11/24/2024 0:00,Inverter,12/31/2016 0:00,21.42,994.41,80.63,48.89,13.96,47.03,4
11/24/2024 1:00,Charge Controller,2/17/2021 0:00,25.09,854.04,77.67,47.01,8.73,47.27,3
11/24/2024 2:00,Inverter,11/6/2017 0:00,27.24,665.38,88.63,34.31,17.75,21.66,3
11/24/2024 3:00,Inverter,1/15/2022 0:00,29.45,824.44,65.74,26.37,16.51,13.48,4
11/24/2024 4:00,Charge Controller,7/6/2017 0:00,20.91,633.54,55.23,40.94,27.52,37.38,3
11/24/2024 5:00,Inverter,9/14/2021 0:00,22.8,537.33,76.87,56.18,28.25,28.24,2
11/24/2024 6:00,Charge Controller,6/4/2017 0:00,25.54,758.11,79.17,44.93,14.59,15.63,4
11/24/2024 7:00,Inverter,7/15/2022 0:00,39.43,956.91,73,54.13,17.29,37.47,4
11/24/2024 8:00,Charge Controller,1/22/2015 0:00,26.63,957.48,58.27,59.71,27.41,13.12,4
11/24/2024 9:00,Inverter,4/18/2016 0:00,29.64,605.14,70.18,30.73,25.17,43.33,3
11/24/2024 10:00,Inverter,9/27/2023 0:00,23.92,716.61,62.49,49.21,5.09,16.99,3
11/24/2024 11:00,Solar Panel,3/7/2021 0:00,32.22,526.98,67.1,48.6,13,16.58,4
11/24/2024 12:00,Solar Panel,6/11/2021 0:00,25.61,997.38,75.81,59.3,15.54,18.32,4
11/24/2024 13:00,Inverter,12/4/2016 0:00,24.14,988.67,79.81,59.5,10.74,46.57,4
11/24/2024 14:00,Inverter,11/17/2016 0:00,30.33,789.71,59.29,49.03,9.99,36.95,3
11/24/2024 15:00,Battery,10/12/2015 0:00,20.11,882.65,66.21,33.53,5.94,40.85,3
11/24/2024 16:00,Charge Controller,12/16/2016 0:00,20.15,829.06,60.77,52.95,21.08,26.31,4
11/24/2024 17:00,Battery,2/1/2017 0:00,24.38,755.89,57.95,28.75,11.56,24.11,3
11/24/2024 18:00,Solar Panel,6/4/2018 0:00,20.73,432.01,81.34,52.32,6.31,20.44,4
11/24/2024 19:00,Solar Panel,8/5/2017 0:00,22.16,672.86,86.37,56.86,10.77,29.3,4
11/24/2024 20:00,Solar Panel,8/25/2021 0:00,26.78,804.87,64.81,38.4,25.05,31.87,4
11/24/2024 21:00,Solar Panel,11/12/2021 0:00,36.05,806.52,80.05,47.07,26.29,34.74,4
11/24/2024 22:00,Inverter,10/27/2017 0:00,31.44,623.87,85.88,40.05,17.08,21.26,4
11/24/2024 23:00,Solar Panel,1/29/2015 0:00,30.25,965.02,83.84,40.32,15.4,46.15,4
11/25/2024 0:00,Inverter,6/25/2017 0:00,25.87,500.41,57.31,35.86,29.45,18.11,3
11/25/2024 1:00,Inverter,7/2/2023 0:00,38.64,700.22,88.25,51.67,10.01,46.76,4
11/25/2024 2:00,Solar Panel,1/5/2023 0:00,27.94,814.53,65.07,57.77,10.38,12.53,4
11/25/2024 3:00,Solar Panel,10/27/2020 0:00,21.74,818.28,63.57,57.93,12.3,29.32,4
11/25/2024 4:00,Charge Controller,3/14/2023 0:00,32.34,789.18,52.5,31.12,9.32,24,4
11/25/2024 5:00,Battery,11/11/2021 0:00,22.28,565.17,69.45,55.62,14.48,28.17,2
11/25/2024 6:00,Solar Panel,7/23/2016 0:00,26.9,493.72,54.36,50.81,27.77,32.54,4
11/25/2024 7:00,Charge Controller,6/29/2020 0:00,30.15,781.56,59.94,33.85,20.38,27.68,4
11/25/2024 8:00,Charge Controller,12/24/2018 0:00,37.48,759.58,62.68,27.35,15.3,26.93,3
11/25/2024 9:00,Battery,1/7/2017 0:00,29.87,507.61,82.35,34.38,28.36,38.38,2
11/25/2024 10:00,Inverter,5/30/2016 0:00,34.05,823.08,85.02,56.93,6.21,36.69,2
11/25/2024 11:00,Solar Panel,6/23/2020 0:00,39.86,673.1,62.1,47.16,10.26,42,4
11/25/2024 12:00,Battery,9/6/2023 0:00,22.63,800.66,84.35,50.24,19.15,21,3
11/25/2024 13:00,Solar Panel,9/10/2021 0:00,25.49,902.42,84.29,34,20.39,33.94,4
11/25/2024 14:00,Charge Controller,2/8/2015 0:00,27.89,501.84,80.59,50.18,5.99,33.07,4
11/25/2024 15:00,Charge Controller,6/5/2017 0:00,28.44,411.49,55.87,25.98,15.08,25.31,2
11/25/2024 16:00,Inverter,10/15/2022 0:00,28.22,867.46,77.61,38.14,21.23,29.5,4
11/25/2024 17:00,Charge Controller,1/13/2021 0:00,38.15,765.82,87.8,46.94,22.45,23.3,2
11/25/2024 18:00,Charge Controller,1/3/2018 0:00,34.28,819.78,77.3,30.11,20.95,17.11,2
11/25/2024 19:00,Battery,1/10/2023 0:00,32.16,902.89,63.26,53.81,13.01,19.7,2
11/25/2024 20:00,Solar Panel,12/29/2019 0:00,26.19,881.69,70.02,33.23,7.34,15.8,4
11/25/2024 21:00,Solar Panel,10/7/2023 0:00,36.48,976.55,75.83,47.83,15.68,36.59,4
11/25/2024 22:00,Battery,9/7/2019 0:00,39.1,721.56,70.42,39.18,8.22,35.79,2
11/25/2024 23:00,Inverter,8/31/2017 0:00,36.42,693.1,54.8,45.86,28.69,46.22,4
11/26/2024 0:00,Solar Panel,8/22/2023 0:00,20.03,641.13,62.48,28.76,16.88,38.27,4
11/26/2024 1:00,Charge Controller,6/21/2023 0:00,32.73,492.21,82.1,25.59,12.93,13.87,2
11/26/2024 2:00,Solar Panel,4/12/2019 0:00,21.02,743.56,84.46,56.83,24.16,43.83,4
11/26/2024 3:00,Charge Controller,12/6/2022 0:00,25.15,566.21,55.49,34.44,17.45,43.06,3
11/26/2024 4:00,Inverter,8/27/2022 0:00,21.19,952.78,88.1,53.69,12.75,27.96,3
11/26/2024 5:00,Battery,9/15/2017 0:00,32.08,749.91,63.15,59.98,25.3,33.09,3
11/26/2024 6:00,Solar Panel,1/21/2015 0:00,33.73,755.7,76.49,32.4,26.68,47.14,4
11/26/2024 7:00,Battery,6/8/2021 0:00,22.29,612.95,80.07,34.28,21.83,31.16,2
11/26/2024 8:00,Solar Panel,5/18/2017 0:00,27.68,431.19,82.48,48.2,6.17,44.59,4
11/26/2024 9:00,Charge Controller,3/25/2015 0:00,29.12,419.05,87.83,58.79,19.16,14.99,3
11/26/2024 10:00,Battery,8/10/2019 0:00,27.38,654,62.52,57.05,24.08,18.88,3
11/26/2024 11:00,Solar Panel,5/30/2020 0:00,22.42,450.74,84.34,42.6,8.41,27.87,4
11/26/2024 12:00,Charge Controller,11/11/2018 0:00,28.38,764.11,55.27,52.83,10.72,33.05,4
11/26/2024 13:00,Battery,3/11/2019 0:00,35.02,928.58,78.2,29.75,27.06,41.38,2
11/26/2024 14:00,Battery,7/23/2016 0:00,21.42,929.75,79.68,59.21,5.5,47.58,2
11/26/2024 15:00,Solar Panel,7/22/2017 0:00,21.6,795.43,77.11,58.75,23.82,26,4
11/26/2024 16:00,Solar Panel,11/8/2023 0:00,27.1,526.74,60.09,30.73,16.84,13.71,4
11/26/2024 17:00,Solar Panel,6/3/2020 0:00,38.83,917.8,84.92,35.48,16.17,40.84,4
11/26/2024 18:00,Charge Controller,11/9/2023 0:00,33.37,931.66,56.75,28.51,5.18,33.76,3
11/26/2024 19:00,Solar Panel,1/30/2020 0:00,33.57,517.99,52.15,34.51,25.48,19.15,4
11/26/2024 20:00,Battery,5/15/2023 0:00,27.24,842.46,78.7,53.56,14,29.81,2
11/26/2024 21:00,Battery,3/3/2017 0:00,31.87,571.91,69.02,38.24,18.52,38.72,3
11/26/2024 22:00,Solar Panel,3/2/2017 0:00,20.2,881.58,83.96,28.09,21.93,39.73,4
11/26/2024 23:00,Solar Panel,12/15/2019 0:00,32.72,998.34,65.34,36.98,22.57,29.99,4
11/27/2024 0:00,Inverter,7/18/2018 0:00,38.27,418.02,56.73,59.35,28.9,22.99,3
11/27/2024 1:00,Battery,12/14/2021 0:00,32.25,938.42,83.46,47.04,18.28,47.05,3
11/27/2024 2:00,Charge Controller,3/5/2021 0:00,37.47,773.58,71.96,39.57,14.99,35.88,2
11/27/2024 3:00,Inverter,5/27/2019 0:00,34.48,984.03,57.57,30.83,28.84,26.7,3
11/27/2024 4:00,Solar Panel,12/19/2017 0:00,22.41,679.01,78.82,59.52,21.05,22.1,4
11/27/2024 5:00,Solar Panel,10/13/2021 0:00,38.05,908.43,70.44,53.73,12.45,38.32,4
11/27/2024 6:00,Battery,9/11/2017 0:00,21.33,437.44,74.17,34.85,8.16,20.72,2
11/27/2024 7:00,Solar Panel,8/8/2019 0:00,30.68,601.17,68.44,27.45,26.06,18.18,4
11/27/2024 8:00,Charge Controller,6/3/2016 0:00,22.84,440.21,83.15,26.98,14.05,31.07,3
11/27/2024 9:00,Battery,8/13/2016 0:00,20.23,985.21,83.18,29.21,21.51,22.44,3
11/27/2024 10:00,Solar Panel,11/16/2017 0:00,28.44,890.18,78.38,45.33,16.77,34.64,4
11/27/2024 11:00,Battery,9/6/2019 0:00,25.9,911.53,54.22,57.51,9.97,16.25,2
11/27/2024 12:00,Solar Panel,7/28/2020 0:00,29.72,962.78,83.55,42.39,20.04,35.58,4
11/27/2024 13:00,Solar Panel,2/24/2021 0:00,31.54,451.06,76.84,54.5,6.52,22.2,4
11/27/2024 14:00,Solar Panel,8/31/2021 0:00,20.87,631.36,77.88,40.61,15.33,12.01,4
11/27/2024 15:00,Charge Controller,12/15/2015 0:00,22.46,442.62,64.52,49.8,18.67,16.57,3
11/27/2024 16:00,Charge Controller,8/17/2017 0:00,31.17,526.48,85.17,50.62,15.9,45.61,4
11/27/2024 17:00,Battery,5/17/2020 0:00,26.86,537.62,79.01,31.09,23.72,43.22,2
11/27/2024 18:00,Solar Panel,11/23/2016 0:00,34.58,681.46,54.5,37.64,25.7,20.41,4
11/27/2024 19:00,Solar Panel,4/9/2019 0:00,33.05,561.14,66.31,47.31,24.28,40.02,4
11/27/2024 20:00,Charge Controller,1/13/2016 0:00,36.91,460.59,85.46,27.47,5.97,33.91,4
11/27/2024 21:00,Solar Panel,1/25/2023 0:00,33.85,500.49,51.89,37.65,9.85,46.95,4
11/27/2024 22:00,Charge Controller,2/11/2023 0:00,28.6,488.37,88.46,43.72,18.42,25.45,2
11/27/2024 23:00,Solar Panel,6/10/2016 0:00,33.46,983.85,77.17,59.87,28.37,36.53,4
11/28/2024 0:00,Battery,10/30/2023 0:00,25.51,855.58,75.26,41.61,25.87,14.29,3
11/28/2024 1:00,Solar Panel,8/13/2022 0:00,26.13,980.66,60.82,53.56,26.06,26.26,4
11/28/2024 2:00,Solar Panel,3/3/2021 0:00,35.78,663.84,59.95,40.12,12.58,46.7,4
11/28/2024 3:00,Inverter,11/7/2021 0:00,28.93,567.02,87.68,52.87,15.74,31.4,2
11/28/2024 4:00,Charge Controller,6/13/2018 0:00,35.97,878.98,61.93,45.84,16.77,22.36,3
11/28/2024 5:00,Solar Panel,2/19/2020 0:00,36.45,595.75,81.02,56.03,8.93,16.33,4
11/28/2024 6:00,Solar Panel,10/30/2019 0:00,37.15,579.63,65.72,39.38,5.78,37.33,4
11/28/2024 7:00,Inverter,6/4/2016 0:00,38.33,539.5,55.57,46.15,28.67,35.21,3
11/28/2024 8:00,Inverter,8/29/2019 0:00,28.62,477.81,50.43,47.05,11.02,25.46,3
11/28/2024 9:00,Charge Controller,10/13/2017 0:00,26.38,553.88,71.77,39.61,11,46.23,2
11/28/2024 10:00,Inverter,3/23/2023 0:00,31.64,613.19,89.03,30.05,7.08,12.8,2
11/28/2024 11:00,Battery,8/5/2022 0:00,27.42,804.4,64.77,28.27,28.21,22.93,3
11/28/2024 12:00,Inverter,10/10/2017 0:00,32.02,437.54,64.29,25.58,19.49,45.16,2
11/28/2024 13:00,Battery,12/23/2021 0:00,34.11,526.3,63.76,55.57,21.68,23.55,2
11/28/2024 14:00,Charge Controller,4/27/2015 0:00,33.77,885.41,70.82,33.28,27.79,21.08,4
11/28/2024 15:00,Charge Controller,8/30/2021 0:00,27.49,488.15,67.63,32.4,13.64,31.23,4
11/28/2024 16:00,Charge Controller,9/29/2018 0:00,23.34,605.59,85.2,50.76,20.54,41.66,3
11/28/2024 17:00,Charge Controller,8/6/2016 0:00,28.61,918.8,70.22,36.2,5.97,15.71,3
11/28/2024 18:00,Charge Controller,1/30/2016 0:00,22.85,492.96,70.31,42.71,9.67,45.95,4
11/28/2024 19:00,Battery,12/23/2017 0:00,37.8,449.64,55.53,30.69,25.78,40.62,3
11/28/2024 20:00,Battery,7/31/2022 0:00,26.92,690.72,89.31,58.59,24.17,18.53,2
11/28/2024 21:00,Charge Controller,3/13/2015 0:00,23.09,581.45,60,54.81,13.77,37.63,3
11/28/2024 22:00,Inverter,10/1/2015 0:00,20.51,738.05,52.93,55.23,14.42,25.86,3
11/28/2024 23:00,Solar Panel,7/6/2020 0:00,32.92,882.28,76.53,39.24,18.34,26.48,4
11/29/2024 0:00,Charge Controller,9/5/2018 0:00,32.74,482.29,73.81,51.68,5.01,40.2,3
11/29/2024 1:00,Inverter,12/4/2015 0:00,26.81,748.42,66.61,30.04,11.03,46.66,2
11/29/2024 2:00,Solar Panel,10/21/2018 0:00,21.43,703.31,66.89,25.3,10.21,16.56,4
11/29/2024 3:00,Charge Controller,8/29/2016 0:00,28.19,486.45,81.4,25.7,11.26,27.14,4
11/29/2024 4:00,Charge Controller,6/15/2015 0:00,26.22,774.4,57.83,45.53,25.15,29.31,3
11/29/2024 5:00,Battery,4/17/2019 0:00,33.54,564.18,82.81,40.94,11.99,25.55,2
11/29/2024 6:00,Solar Panel,8/20/2020 0:00,32.12,692.7,75.95,43.13,9.79,25.07,4
11/29/2024 7:00,Solar Panel,8/17/2018 0:00,27.29,449.36,66.76,25.26,17.61,13.88,4
11/29/2024 8:00,Inverter,12/29/2016 0:00,24.36,675.75,68.32,39.79,26.64,36.68,4
11/29/2024 9:00,Battery,10/19/2022 0:00,39.76,583.88,60.27,50.13,11.03,27.7,2
11/29/2024 10:00,Battery,8/5/2020 0:00,29.08,893.43,80.08,40.49,6.96,19.01,3
11/29/2024 11:00,Battery,4/12/2015 0:00,33.77,434.19,70.51,50.63,13.91,41.38,2
11/29/2024 12:00,Battery,11/16/2018 0:00,22.81,651.16,62.83,33.16,23.69,40.89,3
11/29/2024 13:00,Solar Panel,2/17/2017 0:00,29.71,675.06,73.84,53.46,18.77,29.51,4
11/29/2024 14:00,Solar Panel,8/2/2015 0:00,20.55,835,89.83,45.6,25.42,22.74,4
11/29/2024 15:00,Charge Controller,1/16/2018 0:00,30.11,744.57,67.41,32.38,28.99,34.97,2
11/29/2024 16:00,Charge Controller,4/26/2019 0:00,39.28,800.33,86.83,33.29,24.82,22.37,2
11/29/2024 17:00,Battery,9/14/2021 0:00,27.68,866.23,63.8,46.98,20.1,20.5,3
11/29/2024 18:00,Battery,3/20/2022 0:00,20.78,917.32,52.19,54.05,17.33,38.3,2
11/29/2024 19:00,Battery,1/15/2023 0:00,20.62,588.33,58.17,39.55,6,13.45,3
11/29/2024 20:00,Charge Controller,7/15/2023 0:00,27.76,722.81,66.75,34.04,29.61,15.41,2
11/29/2024 21:00,Inverter,8/23/2019 0:00,23.2,904.06,58.79,55.35,14.59,12.24,3
11/29/2024 22:00,Inverter,8/14/2016 0:00,20.47,993.67,50.01,48.42,8.81,17.51,4
11/29/2024 23:00,Charge Controller,8/26/2018 0:00,35.12,933.71,86.6,40.68,21.67,14.48,2
11/30/2024 0:00,Charge Controller,1/14/2018 0:00,29.17,622.88,83.76,42.08,12.11,47.85,3
11/30/2024 1:00,Charge Controller,11/9/2020 0:00,25.78,517.1,79.69,32.15,19.64,22.4,4
11/30/2024 2:00,Charge Controller,6/13/2022 0:00,38,693.64,56.71,46.94,19.67,17.37,2
11/30/2024 3:00,Charge Controller,12/14/2016 0:00,22.32,844.98,54.81,37.56,16.14,20.68,2
11/30/2024 4:00,Charge Controller,7/24/2017 0:00,39.12,695.54,52.7,59.85,25.9,45.7,3
11/30/2024 5:00,Battery,5/5/2020 0:00,26.28,689.91,78.96,41.81,11.62,30.73,3
11/30/2024 6:00,Battery,8/30/2015 0:00,37.77,902.94,87.15,42.01,16.22,25.13,2
11/30/2024 7:00,Battery,8/5/2020 0:00,32.06,616.84,67.22,44.8,18.44,43.44,2
11/30/2024 8:00,Battery,1/2/2015 0:00,36.53,915.88,54.77,57.09,21.59,26.22,2
11/30/2024 9:00,Charge Controller,3/22/2021 0:00,39.68,644.08,70.5,53.03,24.6,24.06,3
11/30/2024 10:00,Inverter,10/19/2022 0:00,25.77,596.94,63.95,40.79,14.87,19.46,2
11/30/2024 11:00,Solar Panel,11/4/2019 0:00,39.22,672.39,64.99,50.15,21.15,25.6,4
11/30/2024 12:00,Charge Controller,5/3/2020 0:00,27.79,857.47,74.85,45.52,8.77,23.4,4
11/30/2024 13:00,Solar Panel,3/21/2022 0:00,27.71,475.6,78.75,42.23,28.32,36.38,4
11/30/2024 14:00,Inverter,12/3/2020 0:00,26.81,517.85,54.42,31.73,14.58,22.42,3
11/30/2024 15:00,Battery,7/6/2017 0:00,30.83,970.87,51.42,41.24,23.24,32.78,3
11/30/2024 16:00,Inverter,9/10/2023 0:00,23.08,505.29,89.77,33.6,5.51,14.37,3
11/30/2024 17:00,Charge Controller,2/19/2021 0:00,31.07,740.64,59.31,57.02,10.13,18.89,2
11/30/2024 18:00,Battery,11/12/2023 0:00,30.83,747.59,52.15,36.74,17.18,26.67,2
11/30/2024 19:00,Charge Controller,12/28/2022 0:00,35.24,693.77,57.6,58.33,26.96,45.73,2
11/30/2024 20:00,Battery,3/31/2015 0:00,36.67,786.85,51.56,43.66,18.18,25.58,2
11/30/2024 21:00,Solar Panel,9/6/2019 0:00,28.81,537.9,65.67,47.1,28.25,35.91,4
11/30/2024 22:00,Solar Panel,12/9/2020 0:00,26.05,731.6,82.1,44,17.09,21.18,4
11/30/2024 23:00,Solar Panel,5/23/2015 0:00,25.19,623.3,63.65,29.53,17.26,16.57,4
