ambient_temperature (°C),irradiance (W/m²),humidity (%),device_temperature (°C),output_current (A),output_voltage (V),fault_status,component_type,predicted_time_to_fault (days),DateTime
27.49,557.02,72.88,47.69,23.01,25.45,No,Charge Controller,7.50,2024-10-14 00:00:00
39.01,548.19,82.22,31.03,22.18,23.98,Yes,Charge Controller,11.20,2024-10-14 01:00:00
34.64,943.75,80.41,55.53,7.39,18.34,No,Battery,8.44,2024-10-14 02:00:00
31.97,549.73,56.16,46.46,28.06,33.86,No,Battery,1.25,2024-10-14 03:00:00
23.12,563.17,55.97,30.50,19.21,29.16,No,Battery,2.78,2024-10-14 04:00:00
23.12,855.64,60.73,58.68,14.09,43.17,No,Charge Controller,3.29,2024-10-14 05:00:00
21.16,669.84,64.44,43.14,23.91,13.16,No,Battery,3.87,2024-10-14 06:00:00
37.32,866.03,66.34,27.55,11.43,35.18,No,Inverter,8.48,2024-10-14 07:00:00
32.02,439.22,77.19,46.94,22.34,39.47,No,Charge Controller,7.56,2024-10-14 08:00:00
34.16,692.54,52.27,33.86,5.99,39.34,No,Solar Panel,3.05,2024-10-14 09:00:00
20.41,420.17,51.39,53.13,25.99,43.90,No,Charge Controller,1.01,2024-10-14 10:00:00
39.40,437.59,65.68,53.62,16.20,38.25,No,Battery,2.57,2024-10-14 11:00:00
36.65,943.86,77.89,59.26,20.92,45.40,No,Charge Controller,14.77,2024-10-14 12:00:00
24.25,483.55,57.74,42.57,10.53,23.98,No,Battery,7.03,2024-10-14 13:00:00
23.64,719.45,75.66,40.92,21.93,30.12,No,Battery,13.01,2024-10-14 14:00:00
23.67,646.66,60.39,51.37,24.31,12.51,No,Solar Panel,12.73,2024-10-14 15:00:00
26.08,608.41,85.44,29.64,16.83,12.25,Yes,Solar Panel,7.67,2024-10-14 16:00:00
30.50,939.90,85.83,44.14,20.44,20.64,No,Inverter,10.60,2024-10-14 17:00:00
28.64,413.09,61.89,44.12,16.41,15.63,No,Battery,2.89,2024-10-14 18:00:00
25.82,798.27,59.20,28.13,27.35,21.37,Yes,Charge Controller,10.33,2024-10-14 19:00:00
32.24,978.04,66.45,39.63,17.45,18.37,No,Solar Panel,4.09,2024-10-14 20:00:00
22.79,736.10,59.62,54.86,26.05,13.03,No,Solar Panel,12.48,2024-10-14 21:00:00
25.84,962.09,76.90,54.97,25.03,44.73,No,Battery,1.26,2024-10-14 22:00:00
27.33,431.35,83.04,28.47,15.26,12.30,No,Charge Controller,11.60,2024-10-14 23:00:00
29.12,651.28,76.92,28.18,10.75,38.50,No,Solar Panel,1.50,2024-10-15 00:00:00
35.70,556.09,82.97,34.19,15.15,17.48,Yes,Solar Panel,13.22,2024-10-15 01:00:00
23.99,838.49,65.88,55.62,25.66,44.84,No,Charge Controller,4.56,2024-10-15 02:00:00
30.28,988.78,56.25,29.51,10.69,44.14,No,Solar Panel,9.82,2024-10-15 03:00:00
31.85,553.92,79.52,50.20,18.11,35.54,No,Charge Controller,7.31,2024-10-15 04:00:00
20.93,792.50,64.42,28.54,25.15,36.20,No,Battery,5.49,2024-10-15 05:00:00
32.15,518.86,76.85,46.81,13.84,12.19,No,Solar Panel,9.68,2024-10-15 06:00:00
23.41,739.20,60.83,37.46,21.06,47.46,No,Battery,14.21,2024-10-15 07:00:00
21.30,678.36,53.25,52.61,11.14,43.60,No,Charge Controller,0.62,2024-10-15 08:00:00
38.98,983.20,89.70,33.18,7.73,44.22,No,Battery,13.78,2024-10-15 09:00:00
39.31,765.12,56.25,47.37,24.86,35.73,No,Battery,9.14,2024-10-15 10:00:00
36.17,609.70,89.54,33.25,7.47,24.41,No,Battery,12.11,2024-10-15 11:00:00
26.09,468.46,89.09,49.98,11.78,44.17,No,Inverter,5.76,2024-10-15 12:00:00
21.95,490.75,81.75,55.58,26.38,22.49,No,Charge Controller,7.08,2024-10-15 13:00:00
33.68,535.19,76.38,29.44,13.66,32.26,No,Charge Controller,13.03,2024-10-15 14:00:00
28.80,550.58,73.11,55.33,29.33,15.59,No,Charge Controller,6.22,2024-10-15 15:00:00
22.44,910.37,84.64,45.78,29.49,45.19,No,Charge Controller,8.02,2024-10-15 16:00:00
29.90,736.73,61.58,29.45,11.71,17.07,No,Charge Controller,0.30,2024-10-15 17:00:00
20.69,714.03,68.71,39.96,6.02,20.10,No,Solar Panel,2.38,2024-10-15 18:00:00
38.19,468.86,74.78,30.63,22.63,32.09,No,Solar Panel,9.63,2024-10-15 19:00:00
25.18,916.08,66.45,49.51,16.27,39.51,No,Solar Panel,10.75,2024-10-15 20:00:00
33.25,833.69,67.10,51.56,7.52,34.30,Yes,Battery,8.74,2024-10-15 21:00:00
26.23,440.60,63.21,28.70,22.69,20.36,No,Battery,2.15,2024-10-15 22:00:00
30.40,824.70,72.57,42.71,5.78,12.03,No,Charge Controller,6.68,2024-10-15 23:00:00
30.93,726.12,84.02,53.51,26.75,39.26,No,Inverter,5.33,2024-10-16 00:00:00
23.70,449.04,58.06,57.77,8.47,47.47,No,Charge Controller,7.43,2024-10-16 01:00:00
39.39,674.98,87.38,42.97,8.18,41.16,No,Solar Panel,13.05,2024-10-16 02:00:00
35.50,690.82,77.56,58.26,9.39,28.57,No,Charge Controller,11.64,2024-10-16 03:00:00
38.79,499.46,82.93,43.75,29.01,44.54,No,Battery,1.26,2024-10-16 04:00:00
37.90,967.42,72.25,38.80,22.33,26.75,No,Charge Controller,13.35,2024-10-16 05:00:00
31.96,909.99,81.18,54.69,25.03,30.90,No,Solar Panel,7.08,2024-10-16 06:00:00
38.44,801.41,50.65,42.25,14.94,29.18,No,Charge Controller,11.16,2024-10-16 07:00:00
21.77,677.38,82.74,41.52,13.41,28.11,No,Battery,2.10,2024-10-16 08:00:00
23.92,647.06,51.61,42.16,10.86,39.91,No,Inverter,10.06,2024-10-16 09:00:00
20.90,790.58,85.60,54.64,17.02,30.96,No,Solar Panel,3.54,2024-10-16 10:00:00
26.51,727.26,89.68,54.12,18.80,23.40,No,Charge Controller,6.58,2024-10-16 11:00:00
27.77,437.36,61.76,39.12,20.79,21.29,No,Battery,0.25,2024-10-16 12:00:00
25.43,707.50,58.41,36.67,11.43,13.36,No,Solar Panel,2.27,2024-10-16 13:00:00
36.57,883.84,80.61,42.22,28.72,33.00,No,Solar Panel,1.38,2024-10-16 14:00:00
27.14,675.54,60.12,45.05,9.24,20.28,No,Battery,3.60,2024-10-16 15:00:00
25.62,431.17,84.62,33.34,29.14,17.33,No,Charge Controller,1.50,2024-10-16 16:00:00
30.85,871.77,54.11,52.79,5.37,35.54,No,Charge Controller,10.38,2024-10-16 17:00:00
22.82,520.82,55.04,42.03,17.03,36.52,No,Charge Controller,0.44,2024-10-16 18:00:00
36.04,555.17,89.17,36.69,13.33,39.08,No,Solar Panel,9.27,2024-10-16 19:00:00
21.49,498.82,76.95,28.74,16.23,30.13,No,Inverter,2.11,2024-10-16 20:00:00
39.74,598.13,83.88,33.36,19.27,44.19,No,Solar Panel,14.18,2024-10-16 21:00:00
35.44,854.05,62.97,58.22,15.89,45.71,No,Charge Controller,14.00,2024-10-16 22:00:00
23.97,711.63,77.06,35.68,15.37,41.07,No,Solar Panel,3.38,2024-10-16 23:00:00
20.11,522.93,73.77,30.91,23.32,34.88,No,Inverter,9.22,2024-10-17 00:00:00
36.31,926.70,74.13,41.12,22.15,22.93,No,Solar Panel,0.42,2024-10-17 01:00:00
34.14,927.75,77.30,35.75,25.83,47.39,No,Battery,13.98,2024-10-17 02:00:00
34.58,922.35,73.01,26.23,11.25,21.87,No,Charge Controller,7.84,2024-10-17 03:00:00
35.43,543.28,67.16,36.31,20.24,19.30,No,Charge Controller,0.65,2024-10-17 04:00:00
21.48,670.74,61.04,44.04,19.63,27.92,No,Charge Controller,5.14,2024-10-17 05:00:00
27.17,990.99,80.74,44.31,14.24,14.05,Yes,Solar Panel,1.15,2024-10-17 06:00:00
22.32,863.21,59.05,37.48,17.15,47.23,No,Solar Panel,5.89,2024-10-17 07:00:00
37.26,416.30,77.69,40.66,12.84,33.18,No,Solar Panel,10.05,2024-10-17 08:00:00
32.47,439.12,59.33,58.79,8.55,32.05,No,Charge Controller,7.05,2024-10-17 09:00:00
26.62,678.36,75.01,38.21,10.35,35.61,Yes,Solar Panel,5.76,2024-10-17 10:00:00
21.27,945.53,79.88,34.04,7.64,29.89,No,Charge Controller,1.79,2024-10-17 11:00:00
26.22,723.22,58.75,33.52,22.08,13.15,Yes,Solar Panel,3.67,2024-10-17 12:00:00
26.50,698.69,52.40,41.02,21.52,34.04,No,Charge Controller,1.50,2024-10-17 13:00:00
34.59,463.28,55.24,51.58,28.77,37.78,No,Battery,12.11,2024-10-17 14:00:00
32.75,794.07,74.24,32.21,23.24,27.00,No,Solar Panel,2.03,2024-10-17 15:00:00
37.74,893.26,83.98,49.83,6.30,39.26,No,Charge Controller,8.93,2024-10-17 16:00:00
29.44,628.25,51.80,25.74,27.11,20.17,No,Battery,5.14,2024-10-17 17:00:00
22.39,865.37,79.37,39.66,26.57,19.97,No,Battery,3.39,2024-10-17 18:00:00
34.26,978.69,63.65,52.16,16.08,17.81,No,Inverter,9.59,2024-10-17 19:00:00
35.22,522.26,69.14,36.86,19.65,25.39,No,Solar Panel,6.86,2024-10-17 20:00:00
31.23,714.00,87.15,44.73,29.40,42.49,No,Charge Controller,6.00,2024-10-17 21:00:00
35.42,572.28,63.28,32.17,18.31,41.80,No,Inverter,8.89,2024-10-17 22:00:00
29.88,875.71,68.61,50.97,27.63,25.78,No,Solar Panel,7.37,2024-10-17 23:00:00
30.45,746.56,50.55,26.83,7.08,33.21,No,Battery,4.55,2024-10-18 00:00:00
28.55,780.75,53.26,54.84,9.78,37.95,No,Solar Panel,8.39,2024-10-18 01:00:00
20.51,878.75,60.34,31.94,16.02,20.68,No,Charge Controller,10.04,2024-10-18 02:00:00
22.16,637.58,51.11,55.60,19.62,18.05,No,Battery,0.40,2024-10-18 03:00:00
20.63,949.05,75.26,37.34,25.41,47.00,No,Inverter,6.99,2024-10-18 04:00:00
32.73,719.82,67.06,50.29,29.71,34.23,No,Solar Panel,0.87,2024-10-18 05:00:00
26.29,494.77,71.93,36.17,14.72,47.33,No,Solar Panel,2.80,2024-10-18 06:00:00
30.17,817.54,56.99,56.71,6.19,24.16,No,Inverter,8.41,2024-10-18 07:00:00
38.15,875.96,61.84,29.43,25.03,37.31,No,Solar Panel,12.99,2024-10-18 08:00:00
24.99,590.06,76.55,31.25,20.11,20.01,No,Solar Panel,13.24,2024-10-18 09:00:00
28.21,914.31,88.61,42.26,9.96,21.40,No,Solar Panel,1.05,2024-10-18 10:00:00
35.11,943.69,52.02,27.87,17.37,30.43,No,Battery,6.29,2024-10-18 11:00:00
24.58,566.14,85.62,31.86,23.56,23.51,No,Battery,8.75,2024-10-18 12:00:00
21.54,990.11,73.08,58.03,24.26,18.03,No,Charge Controller,2.21,2024-10-18 13:00:00
25.80,484.43,72.56,59.18,17.49,21.46,No,Solar Panel,11.48,2024-10-18 14:00:00
23.22,521.21,70.01,38.17,12.63,13.29,No,Charge Controller,11.16,2024-10-18 15:00:00
38.59,510.53,52.78,57.32,29.34,37.36,No,Battery,13.55,2024-10-18 16:00:00
36.16,936.39,53.60,44.07,21.58,29.72,No,Solar Panel,0.13,2024-10-18 17:00:00
32.67,792.58,74.04,34.44,15.21,15.39,No,Charge Controller,3.25,2024-10-18 18:00:00
37.43,491.26,63.64,49.58,12.01,18.18,Yes,Solar Panel,12.41,2024-10-18 19:00:00
36.07,664.19,86.69,48.06,23.28,15.69,No,Solar Panel,10.06,2024-10-18 20:00:00
23.73,769.18,66.26,59.62,11.05,34.05,No,Inverter,13.42,2024-10-18 21:00:00
37.85,450.08,55.73,34.28,9.29,15.39,No,Charge Controller,0.86,2024-10-18 22:00:00
30.79,929.45,78.59,48.52,18.25,39.15,No,Battery,8.95,2024-10-18 23:00:00
36.15,882.16,61.73,26.82,12.25,12.74,No,Charge Controller,8.54,2024-10-19 00:00:00
37.92,703.12,71.02,28.98,20.72,20.98,No,Charge Controller,0.54,2024-10-19 01:00:00
26.36,980.28,77.91,25.14,7.95,44.06,No,Charge Controller,7.70,2024-10-19 02:00:00
22.20,650.66,86.01,59.98,21.37,37.87,No,Inverter,9.14,2024-10-19 03:00:00
24.56,990.47,81.69,53.08,12.08,14.63,No,Solar Panel,2.87,2024-10-19 04:00:00
28.54,800.75,77.05,52.54,5.01,41.56,No,Battery,4.10,2024-10-19 05:00:00
36.36,780.80,77.19,42.84,8.17,29.75,No,Inverter,9.61,2024-10-19 06:00:00
37.21,499.57,87.84,35.50,28.34,42.48,No,Battery,7.02,2024-10-19 07:00:00
20.14,929.16,61.83,30.29,26.68,33.63,No,Inverter,12.87,2024-10-19 08:00:00
30.21,656.49,50.04,34.96,10.84,36.55,No,Solar Panel,5.14,2024-10-19 09:00:00
28.35,497.34,60.88,38.16,24.46,47.77,No,Battery,4.00,2024-10-19 10:00:00
24.44,407.56,58.72,51.47,20.21,20.36,No,Charge Controller,14.77,2024-10-19 11:00:00
22.40,735.85,76.47,43.89,29.27,34.46,No,Inverter,13.67,2024-10-19 12:00:00
26.75,716.44,75.35,27.71,14.34,28.57,No,Battery,0.43,2024-10-19 13:00:00
38.86,831.61,73.74,25.63,22.04,13.42,No,Solar Panel,11.56,2024-10-19 14:00:00
26.46,934.15,50.65,28.58,6.59,12.52,No,Battery,1.66,2024-10-19 15:00:00
30.38,447.64,79.15,39.37,14.91,16.29,No,Inverter,0.41,2024-10-19 16:00:00
34.06,838.90,62.94,57.66,29.10,35.37,No,Solar Panel,4.11,2024-10-19 17:00:00
27.27,512.45,76.60,47.31,18.47,32.42,No,Charge Controller,4.04,2024-10-19 18:00:00
39.44,914.91,72.26,53.06,12.20,31.92,No,Inverter,12.29,2024-10-19 19:00:00
39.25,891.44,63.71,41.32,8.01,13.15,No,Inverter,10.66,2024-10-19 20:00:00
25.04,724.48,55.38,37.66,22.59,28.89,No,Solar Panel,14.72,2024-10-19 21:00:00
29.94,826.15,53.78,28.79,21.12,45.29,No,Inverter,10.67,2024-10-19 22:00:00
26.02,588.61,83.26,55.66,14.35,26.31,No,Battery,6.27,2024-10-19 23:00:00
25.70,682.70,86.74,52.41,28.77,34.50,No,Charge Controller,10.48,2024-10-20 00:00:00
20.74,892.98,75.99,30.88,5.56,40.07,No,Battery,14.99,2024-10-20 01:00:00
32.19,675.56,54.14,42.93,12.59,40.22,Yes,Solar Panel,10.65,2024-10-20 02:00:00
30.05,614.68,66.08,42.06,28.03,30.69,Yes,Inverter,11.43,2024-10-20 03:00:00
21.03,696.53,79.16,46.88,13.02,42.89,No,Charge Controller,14.08,2024-10-20 04:00:00
25.57,896.95,81.19,58.12,11.31,26.09,No,Solar Panel,1.70,2024-10-20 05:00:00
38.17,601.12,54.73,45.29,18.36,43.99,No,Battery,10.57,2024-10-20 06:00:00
24.79,504.26,50.00,43.91,25.60,20.65,No,Inverter,12.76,2024-10-20 07:00:00
22.90,827.21,78.49,26.76,7.58,22.09,No,Inverter,14.32,2024-10-20 08:00:00
29.79,895.59,64.26,27.20,28.58,13.91,No,Solar Panel,3.16,2024-10-20 09:00:00
39.71,460.38,60.18,31.56,24.88,40.64,No,Battery,7.56,2024-10-20 10:00:00
24.84,543.92,50.52,26.14,9.53,27.01,No,Inverter,10.21,2024-10-20 11:00:00
33.44,485.18,71.61,51.02,22.80,20.25,Yes,Battery,3.71,2024-10-20 12:00:00
35.23,608.76,84.05,50.32,14.62,20.34,Yes,Charge Controller,9.01,2024-10-20 13:00:00
24.75,670.21,88.31,29.76,15.06,44.45,No,Inverter,3.86,2024-10-20 14:00:00
34.56,849.30,72.63,54.26,24.58,42.02,No,Charge Controller,5.00,2024-10-20 15:00:00
27.36,790.69,70.58,30.42,29.07,31.93,No,Inverter,6.62,2024-10-20 16:00:00
32.65,772.56,53.40,35.54,8.17,34.18,No,Solar Panel,7.94,2024-10-20 17:00:00
32.67,611.42,71.95,33.71,15.52,29.08,No,Inverter,6.74,2024-10-20 18:00:00
30.72,904.87,65.20,38.03,17.02,26.10,No,Inverter,7.40,2024-10-20 19:00:00
21.81,682.77,74.29,33.91,14.41,44.96,No,Battery,4.48,2024-10-20 20:00:00
36.71,987.46,65.55,42.11,14.08,16.52,No,Battery,2.38,2024-10-20 21:00:00
26.42,780.49,59.61,39.26,6.31,27.06,No,Charge Controller,0.71,2024-10-20 22:00:00
23.73,475.76,53.80,59.53,22.14,24.40,No,Charge Controller,2.94,2024-10-20 23:00:00
20.82,805.71,62.60,26.96,15.91,29.93,No,Charge Controller,8.73,2024-10-21 00:00:00
31.82,595.06,53.87,29.98,9.87,28.47,No,Inverter,11.79,2024-10-21 01:00:00
33.55,811.80,57.08,26.85,25.40,30.68,No,Inverter,2.54,2024-10-21 02:00:00
20.33,441.78,89.49,46.90,25.06,17.04,No,Charge Controller,1.63,2024-10-21 03:00:00
30.24,504.93,67.76,26.91,17.16,30.47,Yes,Solar Panel,11.24,2024-10-21 04:00:00
24.53,913.44,71.27,54.28,12.46,20.73,No,Solar Panel,4.58,2024-10-21 05:00:00
32.90,536.31,84.94,42.92,20.95,18.64,No,Inverter,14.27,2024-10-21 06:00:00
23.49,902.22,89.82,43.45,12.20,14.33,No,Solar Panel,10.71,2024-10-21 07:00:00
33.82,567.57,73.31,44.66,10.90,39.46,Yes,Solar Panel,4.90,2024-10-21 08:00:00
27.73,785.73,82.50,30.98,23.26,27.39,No,Charge Controller,4.34,2024-10-21 09:00:00
38.73,816.49,63.08,31.92,6.01,34.56,No,Solar Panel,7.86,2024-10-21 10:00:00
22.75,707.59,62.23,36.16,7.37,38.19,No,Solar Panel,1.19,2024-10-21 11:00:00
26.82,583.19,66.11,45.77,5.17,36.46,No,Inverter,1.77,2024-10-21 12:00:00
22.27,527.59,76.90,32.35,8.82,28.94,No,Inverter,2.64,2024-10-21 13:00:00
38.49,419.91,77.29,29.07,6.72,25.96,No,Inverter,11.62,2024-10-21 14:00:00
37.55,582.37,62.61,58.95,29.90,25.53,No,Solar Panel,7.71,2024-10-21 15:00:00
25.16,791.90,55.33,25.77,12.22,35.04,Yes,Charge Controller,0.16,2024-10-21 16:00:00
33.20,962.98,75.30,53.09,8.73,29.81,No,Battery,10.10,2024-10-21 17:00:00
36.34,922.72,55.13,52.58,11.02,42.57,No,Inverter,6.36,2024-10-21 18:00:00
31.10,859.64,73.14,35.40,28.40,43.49,No,Inverter,7.66,2024-10-21 19:00:00
30.59,873.07,77.74,29.75,18.00,18.14,No,Inverter,3.21,2024-10-21 20:00:00
24.84,798.99,78.02,30.10,14.12,16.90,No,Charge Controller,8.28,2024-10-21 21:00:00
21.86,556.17,80.14,49.41,26.83,34.69,No,Battery,14.69,2024-10-21 22:00:00
37.94,944.32,84.91,47.50,14.87,22.84,No,Battery,1.10,2024-10-21 23:00:00
38.01,802.44,70.00,52.40,13.38,12.67,No,Inverter,4.26,2024-10-22 00:00:00
32.66,736.26,79.21,57.81,10.18,43.99,No,Solar Panel,3.64,2024-10-22 01:00:00
26.78,466.59,74.77,49.22,14.44,20.17,No,Inverter,3.73,2024-10-22 02:00:00
26.98,668.23,57.47,30.45,12.92,45.45,No,Inverter,5.68,2024-10-22 03:00:00
34.52,676.21,51.03,33.52,21.93,37.83,No,Solar Panel,12.27,2024-10-22 04:00:00
37.94,918.74,61.38,54.48,12.24,39.46,No,Solar Panel,13.69,2024-10-22 05:00:00
37.74,727.99,67.72,32.33,19.43,19.25,No,Inverter,3.03,2024-10-22 06:00:00
35.60,628.24,74.68,27.54,6.65,20.43,No,Charge Controller,8.14,2024-10-22 07:00:00
32.84,986.08,84.00,49.61,9.78,30.77,No,Charge Controller,9.55,2024-10-22 08:00:00
21.68,466.43,57.85,39.09,15.19,18.20,No,Solar Panel,7.83,2024-10-22 09:00:00
23.23,653.53,55.02,57.20,28.42,23.00,No,Inverter,6.51,2024-10-22 10:00:00
37.97,425.21,88.54,47.76,14.43,23.57,No,Charge Controller,2.88,2024-10-22 11:00:00
32.13,843.94,54.32,28.16,21.60,17.75,Yes,Inverter,7.32,2024-10-22 12:00:00
20.18,950.85,69.14,58.17,11.38,19.39,Yes,Inverter,6.02,2024-10-22 13:00:00
22.03,568.02,73.42,34.05,8.18,40.39,No,Inverter,11.93,2024-10-22 14:00:00
33.27,915.01,71.65,36.80,6.46,18.02,No,Charge Controller,11.45,2024-10-22 15:00:00
20.10,575.33,53.44,39.08,12.64,13.02,No,Battery,2.01,2024-10-22 16:00:00
23.22,946.46,52.28,26.79,8.94,34.66,No,Inverter,1.33,2024-10-22 17:00:00
30.97,852.38,54.22,42.38,9.35,47.14,No,Charge Controller,13.62,2024-10-22 18:00:00
33.84,882.94,73.42,29.32,24.02,23.92,No,Battery,8.03,2024-10-22 19:00:00
33.04,410.80,71.77,39.03,5.40,16.27,No,Solar Panel,12.87,2024-10-22 20:00:00
24.49,977.69,59.35,37.27,18.95,32.53,No,Charge Controller,0.87,2024-10-22 21:00:00
34.24,836.00,75.51,52.05,14.49,44.63,No,Battery,7.90,2024-10-22 22:00:00
24.74,582.85,82.80,53.11,17.66,40.23,No,Charge Controller,8.09,2024-10-22 23:00:00
26.51,897.64,51.66,30.37,19.07,34.41,No,Battery,12.91,2024-10-23 00:00:00
34.93,568.91,69.93,37.83,12.83,23.34,No,Battery,1.46,2024-10-23 01:00:00
32.99,923.65,77.57,38.07,12.38,31.51,No,Charge Controller,3.61,2024-10-23 02:00:00
36.98,467.55,60.09,30.30,23.34,15.28,No,Solar Panel,6.10,2024-10-23 03:00:00
33.15,822.21,62.31,52.95,26.78,36.44,Yes,Inverter,12.99,2024-10-23 04:00:00
31.37,724.42,74.55,49.75,9.81,38.10,Yes,Battery,14.08,2024-10-23 05:00:00
21.87,457.92,85.92,31.66,7.44,46.74,No,Inverter,14.89,2024-10-23 06:00:00
27.35,545.14,82.40,37.84,27.44,21.37,No,Solar Panel,14.39,2024-10-23 07:00:00
25.30,407.44,73.33,28.70,13.75,12.66,No,Inverter,0.09,2024-10-23 08:00:00
24.88,681.26,79.21,46.99,18.78,31.64,No,Inverter,0.72,2024-10-23 09:00:00
39.46,580.76,64.59,29.25,13.99,37.44,No,Charge Controller,2.21,2024-10-23 10:00:00
27.86,759.01,75.64,59.51,8.15,40.45,Yes,Charge Controller,5.23,2024-10-23 11:00:00
37.84,578.34,68.65,52.32,19.73,18.97,No,Solar Panel,12.45,2024-10-23 12:00:00
32.62,579.95,57.60,38.66,18.13,21.42,No,Charge Controller,13.39,2024-10-23 13:00:00
35.90,845.92,78.07,45.25,10.07,30.45,No,Battery,2.80,2024-10-23 14:00:00
30.05,428.89,72.26,56.90,16.30,23.90,No,Solar Panel,9.29,2024-10-23 15:00:00
31.54,941.74,64.34,44.39,24.92,42.98,No,Charge Controller,13.76,2024-10-23 16:00:00
29.85,911.36,86.45,31.11,19.76,29.06,No,Charge Controller,6.96,2024-10-23 17:00:00
23.90,800.68,50.84,38.25,7.42,40.78,No,Solar Panel,1.55,2024-10-23 18:00:00
34.45,755.93,62.63,54.51,18.70,32.90,No,Battery,6.87,2024-10-23 19:00:00
25.62,935.38,52.28,47.55,22.57,39.83,No,Solar Panel,5.64,2024-10-23 20:00:00
20.49,511.20,80.66,47.78,24.82,23.98,No,Charge Controller,8.66,2024-10-23 21:00:00
32.91,447.38,78.08,55.34,20.73,41.93,No,Charge Controller,6.58,2024-10-23 22:00:00
23.54,543.71,63.25,56.29,8.82,21.88,No,Solar Panel,0.26,2024-10-23 23:00:00
38.81,876.75,77.03,57.19,22.75,31.66,No,Battery,14.91,2024-10-24 00:00:00
39.08,420.80,65.84,28.32,21.93,19.70,Yes,Battery,8.15,2024-10-24 01:00:00
38.30,749.68,80.25,44.04,5.61,29.12,No,Inverter,7.10,2024-10-24 02:00:00
27.40,997.26,68.17,50.92,15.29,23.45,No,Battery,14.32,2024-10-24 03:00:00
20.31,913.42,66.49,51.49,13.32,21.60,Yes,Solar Panel,2.34,2024-10-24 04:00:00
38.57,712.87,87.39,46.24,21.74,46.81,No,Battery,2.84,2024-10-24 05:00:00
28.56,438.18,60.04,30.84,10.40,17.76,Yes,Battery,12.12,2024-10-24 06:00:00
39.33,898.82,54.82,52.91,19.77,40.34,No,Inverter,3.91,2024-10-24 07:00:00
39.27,759.39,73.38,50.20,27.83,47.43,No,Battery,11.99,2024-10-24 08:00:00
37.06,468.96,88.77,28.01,24.95,12.72,No,Inverter,4.07,2024-10-24 09:00:00
25.89,456.31,65.11,41.23,28.04,37.16,No,Inverter,0.50,2024-10-24 10:00:00
27.70,945.78,52.48,31.09,29.46,21.10,No,Battery,7.76,2024-10-24 11:00:00
37.02,801.52,63.57,36.81,5.27,13.46,No,Charge Controller,2.95,2024-10-24 12:00:00
26.34,897.57,70.24,25.63,20.57,26.50,No,Solar Panel,11.37,2024-10-24 13:00:00
23.39,927.39,56.48,39.01,15.32,45.67,No,Solar Panel,9.62,2024-10-24 14:00:00
31.14,743.06,76.32,44.25,26.50,12.42,No,Battery,13.85,2024-10-24 15:00:00
38.72,710.47,89.91,46.69,11.30,33.16,No,Solar Panel,11.74,2024-10-24 16:00:00
33.92,658.26,68.07,48.22,29.53,30.05,No,Solar Panel,2.71,2024-10-24 17:00:00
31.40,590.17,64.19,54.27,20.34,43.44,No,Inverter,12.00,2024-10-24 18:00:00
21.94,660.76,66.03,32.54,24.84,15.02,No,Charge Controller,9.63,2024-10-24 19:00:00
32.30,864.33,54.61,29.22,7.14,36.53,No,Solar Panel,10.03,2024-10-24 20:00:00
39.80,761.15,85.33,54.80,9.59,36.48,No,Charge Controller,12.48,2024-10-24 21:00:00
22.80,935.51,66.59,30.48,23.96,36.09,No,Solar Panel,8.61,2024-10-24 22:00:00
30.37,666.03,65.49,59.12,5.55,45.92,Yes,Charge Controller,6.99,2024-10-24 23:00:00
37.55,764.25,76.39,54.49,25.42,41.63,No,Charge Controller,9.55,2024-10-25 00:00:00
34.82,778.78,67.68,42.53,5.35,13.51,No,Solar Panel,4.47,2024-10-25 01:00:00
33.94,755.02,75.93,59.35,21.43,28.96,Yes,Inverter,2.74,2024-10-25 02:00:00
34.05,821.58,52.46,28.41,14.13,26.33,No,Charge Controller,9.25,2024-10-25 03:00:00
27.19,542.46,82.55,35.61,20.29,23.17,No,Charge Controller,3.51,2024-10-25 04:00:00
25.87,707.42,87.62,47.34,22.40,28.25,No,Solar Panel,1.20,2024-10-25 05:00:00
36.19,462.53,75.95,37.25,13.56,25.83,No,Charge Controller,0.01,2024-10-25 06:00:00
36.20,630.71,88.18,57.49,7.70,27.56,Yes,Charge Controller,9.12,2024-10-25 07:00:00
37.34,692.60,56.06,27.30,6.74,47.25,No,Inverter,5.43,2024-10-25 08:00:00
38.26,791.33,69.10,44.23,19.72,15.19,No,Charge Controller,11.28,2024-10-25 09:00:00
30.23,970.32,74.07,45.68,18.02,45.20,No,Inverter,5.63,2024-10-25 10:00:00
30.03,760.39,73.27,47.85,23.56,29.29,No,Charge Controller,7.29,2024-10-25 11:00:00
35.97,846.16,66.06,33.95,17.74,34.45,No,Charge Controller,6.11,2024-10-25 12:00:00
33.00,703.76,63.52,37.76,15.56,41.89,No,Inverter,9.76,2024-10-25 13:00:00
34.04,780.46,55.07,54.53,14.95,24.98,No,Inverter,5.34,2024-10-25 14:00:00
35.92,442.56,65.67,31.82,5.66,27.50,No,Battery,14.46,2024-10-25 15:00:00
37.80,552.63,56.51,53.94,13.39,26.74,No,Charge Controller,14.04,2024-10-25 16:00:00
26.76,617.11,79.37,44.69,29.40,25.49,No,Inverter,12.72,2024-10-25 17:00:00
27.51,683.50,58.35,51.68,26.84,45.32,No,Charge Controller,13.80,2024-10-25 18:00:00
21.88,427.39,52.34,49.98,13.23,41.84,No,Charge Controller,6.74,2024-10-25 19:00:00
31.57,484.01,72.09,32.26,19.69,15.92,No,Charge Controller,8.05,2024-10-25 20:00:00
20.72,566.09,73.81,44.91,26.18,15.89,No,Solar Panel,11.13,2024-10-25 21:00:00
29.31,982.92,84.88,55.37,16.03,27.40,No,Battery,10.44,2024-10-25 22:00:00
30.85,598.81,73.08,40.12,5.45,15.55,No,Solar Panel,13.36,2024-10-25 23:00:00
25.73,689.22,63.82,58.83,6.86,34.29,Yes,Battery,10.74,2024-10-26 00:00:00
31.82,517.66,82.12,40.83,17.76,17.17,Yes,Charge Controller,14.97,2024-10-26 01:00:00
20.61,766.47,71.61,30.00,29.24,30.81,No,Charge Controller,5.23,2024-10-26 02:00:00
20.75,568.41,53.17,38.63,22.33,12.26,No,Inverter,12.49,2024-10-26 03:00:00
36.45,524.20,72.63,58.31,6.77,23.40,No,Battery,10.46,2024-10-26 04:00:00
27.20,709.94,86.32,36.19,9.73,36.38,No,Battery,10.37,2024-10-26 05:00:00
22.54,403.30,65.85,55.38,24.28,29.43,No,Solar Panel,4.89,2024-10-26 06:00:00
30.44,404.60,61.85,55.84,26.04,47.22,No,Battery,11.78,2024-10-26 07:00:00
35.40,531.44,55.74,37.26,20.44,43.47,No,Charge Controller,13.51,2024-10-26 08:00:00
24.32,422.03,56.06,27.91,21.11,24.93,No,Inverter,3.28,2024-10-26 09:00:00
32.46,464.82,67.31,50.36,5.71,13.64,Yes,Solar Panel,9.38,2024-10-26 10:00:00
21.71,603.32,73.83,35.90,25.71,42.44,No,Inverter,5.88,2024-10-26 11:00:00
21.03,881.55,53.22,52.40,24.71,44.80,No,Battery,14.84,2024-10-26 12:00:00
30.63,743.23,87.58,40.49,11.48,41.54,No,Battery,7.18,2024-10-26 13:00:00
30.81,707.60,80.21,41.98,22.72,16.61,No,Solar Panel,3.42,2024-10-26 14:00:00
32.75,576.09,73.46,52.23,10.37,47.92,No,Battery,5.73,2024-10-26 15:00:00
34.52,959.05,83.14,38.38,6.01,21.31,No,Inverter,9.81,2024-10-26 16:00:00
39.52,638.21,53.21,40.51,10.03,38.07,No,Charge Controller,1.14,2024-10-26 17:00:00
30.33,452.26,69.07,38.17,9.47,44.69,No,Solar Panel,9.05,2024-10-26 18:00:00
26.46,770.24,75.20,37.86,13.44,20.48,No,Battery,13.97,2024-10-26 19:00:00
35.90,468.30,83.15,43.41,15.46,44.70,No,Inverter,12.76,2024-10-26 20:00:00
25.42,607.13,81.34,53.31,17.71,23.14,No,Charge Controller,1.02,2024-10-26 21:00:00
28.78,704.45,61.08,37.66,16.92,47.15,No,Battery,14.90,2024-10-26 22:00:00
21.57,924.53,87.64,43.35,11.77,22.13,No,Solar Panel,10.48,2024-10-26 23:00:00
20.51,696.13,54.97,48.48,5.73,46.32,No,Battery,2.43,2024-10-27 00:00:00
39.25,821.36,85.01,34.43,20.13,13.93,No,Battery,0.19,2024-10-27 01:00:00
36.72,995.69,88.84,34.71,14.89,37.53,No,Battery,2.57,2024-10-27 02:00:00
33.92,478.89,57.09,57.67,12.47,31.16,No,Charge Controller,12.57,2024-10-27 03:00:00
28.18,564.84,78.88,50.32,26.67,29.20,No,Charge Controller,0.32,2024-10-27 04:00:00
23.47,636.75,51.61,45.20,23.67,20.05,No,Battery,3.50,2024-10-27 05:00:00
23.13,653.10,66.22,47.67,26.44,37.40,Yes,Battery,11.36,2024-10-27 06:00:00
25.00,646.61,70.65,26.03,17.37,18.87,No,Solar Panel,8.79,2024-10-27 07:00:00
30.98,944.57,73.23,46.63,8.27,31.90,No,Battery,11.74,2024-10-27 08:00:00
34.29,828.42,87.44,42.83,22.41,21.12,No,Inverter,11.19,2024-10-27 09:00:00
33.20,764.74,76.89,44.10,10.15,46.40,No,Inverter,0.76,2024-10-27 10:00:00
25.60,585.62,69.25,37.58,16.03,13.03,No,Solar Panel,13.39,2024-10-27 11:00:00
39.10,894.27,82.39,27.85,6.63,19.19,No,Charge Controller,3.41,2024-10-27 12:00:00
34.76,973.04,88.02,31.77,25.63,20.72,No,Battery,8.30,2024-10-27 13:00:00
31.09,892.72,50.88,58.28,8.15,26.91,No,Solar Panel,9.66,2024-10-27 14:00:00
32.23,400.94,89.30,39.30,27.58,20.38,No,Charge Controller,2.53,2024-10-27 15:00:00
28.39,781.84,53.45,41.33,26.61,29.69,No,Solar Panel,14.64,2024-10-27 16:00:00
24.95,430.68,82.58,26.84,16.61,43.41,No,Charge Controller,7.32,2024-10-27 17:00:00
27.12,554.56,61.21,26.31,23.61,37.63,No,Battery,0.86,2024-10-27 18:00:00
35.16,435.71,55.29,50.10,20.49,32.88,No,Solar Panel,14.06,2024-10-27 19:00:00
20.29,762.28,67.59,43.83,25.08,15.20,No,Battery,8.79,2024-10-27 20:00:00
22.32,811.95,75.76,42.80,15.80,36.98,No,Solar Panel,10.49,2024-10-27 21:00:00
20.92,468.69,65.24,33.51,24.65,17.99,No,Charge Controller,7.88,2024-10-27 22:00:00
20.81,630.30,52.18,51.07,16.56,40.31,No,Solar Panel,12.52,2024-10-27 23:00:00
37.11,673.74,73.98,30.89,28.52,21.00,No,Inverter,0.50,2024-10-28 00:00:00
34.07,621.43,86.10,31.65,17.16,27.01,No,Inverter,4.03,2024-10-28 01:00:00
29.48,472.62,65.33,41.12,16.57,24.62,No,Solar Panel,7.04,2024-10-28 02:00:00
21.96,651.37,58.65,35.02,24.63,42.92,No,Inverter,1.15,2024-10-28 03:00:00
29.83,850.71,67.70,33.66,25.54,16.56,No,Battery,10.59,2024-10-28 04:00:00
29.47,442.60,51.93,47.58,18.86,32.36,No,Inverter,5.90,2024-10-28 05:00:00
23.46,448.11,82.82,47.78,9.49,17.11,No,Inverter,4.09,2024-10-28 06:00:00
28.68,612.86,83.05,53.86,16.69,37.37,No,Battery,0.05,2024-10-28 07:00:00
27.97,965.04,73.52,39.62,29.20,44.58,No,Battery,10.80,2024-10-28 08:00:00
32.32,801.14,64.12,27.56,23.82,27.65,No,Charge Controller,12.51,2024-10-28 09:00:00
32.70,807.20,81.99,34.58,25.28,29.57,No,Battery,5.93,2024-10-28 10:00:00
20.91,617.15,72.19,59.30,5.82,45.39,No,Solar Panel,8.46,2024-10-28 11:00:00
27.49,756.20,83.04,45.87,16.70,30.76,Yes,Inverter,3.42,2024-10-28 12:00:00
32.52,406.08,75.26,49.84,21.17,29.55,No,Charge Controller,9.33,2024-10-28 13:00:00
30.06,781.66,81.38,25.26,25.75,32.82,No,Battery,0.18,2024-10-28 14:00:00
37.13,947.97,73.94,43.14,6.23,36.81,No,Inverter,7.33,2024-10-28 15:00:00
33.17,767.54,66.57,26.31,26.31,15.85,No,Solar Panel,9.66,2024-10-28 16:00:00
23.26,924.22,88.32,44.92,18.71,41.56,No,Solar Panel,13.77,2024-10-28 17:00:00
21.41,834.38,71.64,57.23,9.93,27.68,No,Charge Controller,5.72,2024-10-28 18:00:00
32.85,472.34,74.20,58.89,12.93,14.60,No,Solar Panel,11.48,2024-10-28 19:00:00
20.53,941.47,58.82,43.92,12.05,40.30,No,Inverter,8.97,2024-10-28 20:00:00
31.72,439.87,75.03,41.04,18.27,25.57,No,Battery,13.91,2024-10-28 21:00:00
38.80,720.38,72.86,58.08,6.29,15.61,No,Solar Panel,5.98,2024-10-28 22:00:00
31.51,485.28,57.39,48.58,8.96,34.82,No,Battery,4.79,2024-10-28 23:00:00
27.76,407.02,52.38,27.27,25.32,43.68,No,Inverter,13.31,2024-10-29 00:00:00
32.87,653.22,74.17,41.30,8.32,43.96,No,Inverter,0.74,2024-10-29 01:00:00
29.17,577.02,80.55,33.41,10.83,46.48,No,Battery,2.05,2024-10-29 02:00:00
30.91,691.60,70.94,41.44,16.33,43.24,Yes,Inverter,1.24,2024-10-29 03:00:00
38.83,746.32,59.07,40.94,17.93,12.08,No,Charge Controller,12.65,2024-10-29 04:00:00
27.72,426.24,76.66,45.38,24.09,25.69,No,Solar Panel,0.16,2024-10-29 05:00:00
39.22,473.80,53.20,37.49,16.18,41.47,No,Charge Controller,12.92,2024-10-29 06:00:00
38.11,735.19,67.67,30.75,24.75,25.19,No,Charge Controller,6.77,2024-10-29 07:00:00
23.92,605.90,56.53,42.63,20.46,33.66,No,Charge Controller,0.06,2024-10-29 08:00:00
21.39,837.50,57.38,54.06,7.83,33.83,No,Battery,6.02,2024-10-29 09:00:00
22.02,791.37,58.09,48.24,8.91,25.14,Yes,Battery,2.80,2024-10-29 10:00:00
20.36,907.36,65.47,36.84,15.93,44.56,No,Inverter,9.37,2024-10-29 11:00:00
21.89,815.50,52.05,57.74,14.92,30.12,No,Battery,10.19,2024-10-29 12:00:00
33.66,657.96,65.91,56.93,23.59,28.73,No,Inverter,7.31,2024-10-29 13:00:00
21.42,803.78,70.47,32.33,19.52,47.91,No,Battery,0.61,2024-10-29 14:00:00
26.38,565.23,69.33,26.38,14.70,29.77,No,Inverter,9.84,2024-10-29 15:00:00
36.90,583.79,65.31,50.95,9.27,18.42,Yes,Solar Panel,12.63,2024-10-29 16:00:00
20.47,873.39,83.57,53.97,10.67,30.47,No,Inverter,10.80,2024-10-29 17:00:00
36.29,667.85,55.81,58.88,19.39,41.30,No,Solar Panel,12.45,2024-10-29 18:00:00
25.64,879.03,70.23,56.14,15.59,39.97,No,Inverter,3.01,2024-10-29 19:00:00
22.36,893.45,52.48,46.02,17.87,40.39,No,Battery,13.33,2024-10-29 20:00:00
33.93,914.54,52.85,43.55,9.27,37.49,No,Battery,4.83,2024-10-29 21:00:00
32.58,949.98,72.95,25.97,21.57,21.15,No,Solar Panel,0.20,2024-10-29 22:00:00
37.55,658.59,72.64,33.63,26.31,43.04,No,Charge Controller,12.65,2024-10-29 23:00:00
34.70,591.32,85.12,41.09,11.45,44.16,No,Charge Controller,14.13,2024-10-30 00:00:00
36.07,749.32,72.31,47.00,17.29,18.99,No,Inverter,9.83,2024-10-30 01:00:00
25.64,622.70,88.39,44.50,29.39,16.70,No,Battery,3.47,2024-10-30 02:00:00
23.55,760.64,51.95,50.99,13.33,47.12,No,Charge Controller,3.78,2024-10-30 03:00:00
35.01,823.35,53.92,34.79,19.88,43.26,No,Battery,7.00,2024-10-30 04:00:00
36.14,813.04,51.76,44.77,7.25,44.16,No,Battery,13.47,2024-10-30 05:00:00
39.81,624.73,57.41,28.08,20.15,43.91,No,Battery,2.24,2024-10-30 06:00:00
28.25,500.12,71.65,39.48,7.24,31.50,No,Inverter,12.39,2024-10-30 07:00:00
27.44,658.32,75.82,51.26,28.98,35.27,No,Solar Panel,4.37,2024-10-30 08:00:00
35.53,485.56,51.82,49.27,22.89,31.63,No,Inverter,12.13,2024-10-30 09:00:00
26.82,934.06,87.84,59.67,24.70,13.84,No,Charge Controller,13.80,2024-10-30 10:00:00
38.62,607.53,83.69,34.73,22.60,38.84,No,Solar Panel,6.41,2024-10-30 11:00:00
37.17,492.68,61.86,42.44,19.74,30.19,No,Charge Controller,5.48,2024-10-30 12:00:00
28.58,415.27,53.09,36.53,16.25,35.32,No,Solar Panel,12.03,2024-10-30 13:00:00
35.02,787.49,56.80,40.42,26.46,30.10,No,Solar Panel,7.94,2024-10-30 14:00:00
35.09,782.14,55.08,54.99,28.92,29.71,No,Inverter,10.27,2024-10-30 15:00:00
22.06,604.36,54.93,48.95,17.48,18.18,No,Battery,9.34,2024-10-30 16:00:00
38.05,443.03,70.74,55.89,28.29,22.03,No,Battery,2.29,2024-10-30 17:00:00
30.11,645.78,59.83,32.12,19.58,17.72,No,Solar Panel,12.67,2024-10-30 18:00:00
36.53,586.73,64.33,55.57,18.46,19.04,No,Inverter,2.94,2024-10-30 19:00:00
26.40,806.27,89.58,27.09,16.36,47.03,No,Charge Controller,13.98,2024-10-30 20:00:00
37.91,763.47,77.37,56.10,10.23,17.51,Yes,Charge Controller,3.76,2024-10-30 21:00:00
27.78,618.76,87.96,36.52,5.09,21.69,Yes,Battery,11.01,2024-10-30 22:00:00
20.22,530.74,55.70,36.01,11.04,33.26,No,Battery,4.27,2024-10-30 23:00:00
38.11,992.82,65.29,42.92,17.74,33.97,No,Charge Controller,4.77,2024-10-31 00:00:00
21.83,672.40,72.19,57.92,14.50,17.54,No,Charge Controller,4.65,2024-10-31 01:00:00
26.39,812.96,53.07,26.67,16.21,40.57,No,Inverter,11.22,2024-10-31 02:00:00
39.00,484.33,50.17,37.33,29.52,40.27,No,Charge Controller,8.35,2024-10-31 03:00:00
39.01,691.35,76.82,54.98,13.76,20.54,No,Inverter,13.24,2024-10-31 04:00:00
31.47,416.52,75.67,38.86,16.30,22.39,No,Battery,4.61,2024-10-31 05:00:00
32.64,703.27,66.43,31.97,8.34,45.77,No,Charge Controller,10.38,2024-10-31 06:00:00
28.97,978.41,69.59,39.87,6.20,41.72,No,Battery,11.29,2024-10-31 07:00:00
25.86,630.52,66.62,38.49,24.39,37.12,No,Solar Panel,2.27,2024-10-31 08:00:00
26.57,423.40,50.96,57.04,19.27,14.96,No,Solar Panel,6.01,2024-10-31 09:00:00
33.45,418.57,63.41,51.67,24.02,27.06,No,Solar Panel,7.24,2024-10-31 10:00:00
35.05,632.79,57.08,42.68,8.75,32.13,No,Charge Controller,5.34,2024-10-31 11:00:00
35.83,496.01,53.94,59.59,19.30,18.75,No,Battery,4.83,2024-10-31 12:00:00
35.79,414.01,88.27,41.28,11.34,28.14,No,Charge Controller,10.30,2024-10-31 13:00:00
21.82,853.73,73.97,27.04,10.70,33.64,No,Battery,3.24,2024-10-31 14:00:00
29.89,675.11,79.15,34.18,5.29,23.79,No,Inverter,10.64,2024-10-31 15:00:00
21.15,573.55,62.61,40.26,8.26,40.11,No,Charge Controller,14.03,2024-10-31 16:00:00
30.99,940.05,65.73,30.49,12.73,42.26,No,Solar Panel,8.48,2024-10-31 17:00:00
28.83,469.68,59.48,58.16,7.92,23.65,No,Inverter,9.17,2024-10-31 18:00:00
37.75,973.55,53.88,51.84,29.65,42.19,No,Battery,1.03,2024-10-31 19:00:00
27.02,588.38,57.16,34.39,12.72,15.73,No,Charge Controller,12.97,2024-10-31 20:00:00
22.34,933.04,81.90,45.68,8.26,42.16,No,Battery,4.28,2024-10-31 21:00:00
22.86,761.77,77.10,50.25,9.98,17.50,No,Battery,9.23,2024-10-31 22:00:00
35.23,896.02,71.88,57.94,19.69,14.99,Yes,Charge Controller,14.69,2024-10-31 23:00:00
32.36,990.41,69.00,55.86,6.60,35.10,No,Charge Controller,8.93,2024-11-01 00:00:00
22.02,573.04,86.90,43.03,26.56,28.99,No,Battery,10.87,2024-11-01 01:00:00
21.68,976.68,52.91,52.11,29.04,44.68,No,Battery,6.68,2024-11-01 02:00:00
34.02,633.69,61.22,44.68,11.17,25.07,No,Inverter,0.91,2024-11-01 03:00:00
21.46,631.31,64.00,44.34,16.25,22.34,No,Solar Panel,11.96,2024-11-01 04:00:00
36.44,604.23,81.30,29.02,5.55,30.03,No,Battery,0.52,2024-11-01 05:00:00
34.12,724.84,89.70,29.41,21.02,28.41,No,Solar Panel,10.51,2024-11-01 06:00:00
21.63,492.49,59.63,43.53,15.35,24.40,No,Inverter,0.34,2024-11-01 07:00:00
21.70,732.23,84.97,34.41,11.75,36.97,No,Solar Panel,12.93,2024-11-01 08:00:00
39.73,725.02,83.22,25.74,10.17,39.34,No,Solar Panel,2.36,2024-11-01 09:00:00
27.49,857.14,58.99,50.30,21.35,42.71,No,Inverter,7.71,2024-11-01 10:00:00
27.41,900.19,65.97,26.14,15.41,47.02,No,Battery,8.96,2024-11-01 11:00:00
36.26,664.26,66.39,45.83,9.49,21.60,No,Solar Panel,6.86,2024-11-01 12:00:00
38.94,581.40,89.13,43.87,22.23,37.78,Yes,Battery,5.11,2024-11-01 13:00:00
39.72,555.60,57.24,58.91,19.13,26.19,No,Battery,7.02,2024-11-01 14:00:00
35.07,516.77,81.97,41.95,26.47,36.37,No,Charge Controller,4.67,2024-11-01 15:00:00
27.53,434.59,63.37,27.23,7.94,29.14,No,Battery,6.57,2024-11-01 16:00:00
21.67,605.47,79.23,44.31,24.64,47.78,No,Battery,5.38,2024-11-01 17:00:00
35.54,562.15,66.80,54.44,21.84,38.24,No,Solar Panel,8.49,2024-11-01 18:00:00
31.17,979.85,73.13,59.89,7.88,46.29,No,Battery,3.57,2024-11-01 19:00:00
28.48,734.63,83.30,40.06,22.37,42.06,Yes,Battery,14.83,2024-11-01 20:00:00
38.13,608.37,82.17,36.21,16.04,44.50,No,Charge Controller,7.51,2024-11-01 21:00:00
22.22,748.28,84.66,56.73,28.62,41.32,No,Charge Controller,2.91,2024-11-01 22:00:00
29.85,483.52,52.38,31.69,8.54,28.53,No,Solar Panel,7.16,2024-11-01 23:00:00
20.23,666.43,77.68,46.54,21.07,21.06,No,Solar Panel,13.00,2024-11-02 00:00:00
29.37,775.74,55.60,39.20,14.55,25.33,No,Charge Controller,0.33,2024-11-02 01:00:00
21.13,693.34,66.63,26.44,28.92,12.73,No,Charge Controller,10.19,2024-11-02 02:00:00
22.38,641.07,71.94,37.16,13.25,30.86,No,Inverter,8.22,2024-11-02 03:00:00
22.35,996.31,66.11,34.28,29.05,30.18,No,Battery,2.54,2024-11-02 04:00:00
32.98,928.19,70.78,49.01,27.54,30.91,No,Solar Panel,12.26,2024-11-02 05:00:00
34.92,774.04,89.86,58.21,11.76,47.07,No,Solar Panel,5.53,2024-11-02 06:00:00
31.67,741.63,55.41,34.38,25.09,44.81,No,Battery,4.41,2024-11-02 07:00:00
39.24,772.40,77.02,53.40,29.89,17.82,No,Battery,12.42,2024-11-02 08:00:00
27.50,520.79,65.84,26.94,11.32,25.28,No,Solar Panel,9.58,2024-11-02 09:00:00
25.71,637.08,55.32,43.83,15.92,27.26,No,Charge Controller,13.47,2024-11-02 10:00:00
37.37,423.68,56.35,27.47,18.00,24.98,No,Charge Controller,9.45,2024-11-02 11:00:00
24.47,685.33,87.97,57.69,12.37,40.75,No,Battery,11.11,2024-11-02 12:00:00
39.26,725.81,85.18,51.82,5.38,30.87,No,Solar Panel,12.55,2024-11-02 13:00:00
20.24,536.65,86.28,48.03,10.50,32.60,No,Battery,0.82,2024-11-02 14:00:00
39.40,978.42,89.66,53.84,12.05,42.71,No,Charge Controller,11.64,2024-11-02 15:00:00
20.86,945.67,58.33,47.66,16.09,41.01,No,Inverter,9.21,2024-11-02 16:00:00
37.82,833.29,64.22,58.91,9.28,16.76,No,Inverter,1.04,2024-11-02 17:00:00
30.55,720.03,76.77,49.99,26.83,37.70,No,Charge Controller,7.63,2024-11-02 18:00:00
39.86,921.98,69.35,57.36,22.62,27.68,No,Battery,1.24,2024-11-02 19:00:00
21.48,478.39,66.74,43.10,7.13,22.61,No,Inverter,11.04,2024-11-02 20:00:00
31.08,874.31,64.31,29.10,21.25,13.80,No,Charge Controller,8.20,2024-11-02 21:00:00
39.39,474.89,73.75,43.49,21.34,29.54,No,Solar Panel,14.30,2024-11-02 22:00:00
30.46,876.53,73.02,29.44,28.91,24.80,Yes,Battery,2.75,2024-11-02 23:00:00
32.59,565.46,56.46,45.74,5.08,21.05,No,Battery,9.09,2024-11-03 00:00:00
33.91,926.25,68.87,41.89,11.20,37.01,No,Inverter,3.17,2024-11-03 01:00:00
29.09,966.43,72.14,46.79,28.19,39.70,No,Battery,9.21,2024-11-03 02:00:00
32.55,489.28,72.81,25.35,28.30,20.81,Yes,Inverter,10.84,2024-11-03 03:00:00
31.69,677.61,58.40,31.82,23.01,13.78,No,Inverter,10.83,2024-11-03 04:00:00
38.02,988.59,79.69,42.20,24.14,42.56,No,Charge Controller,12.23,2024-11-03 05:00:00
20.91,690.04,51.01,58.27,7.29,12.36,No,Inverter,12.80,2024-11-03 06:00:00
25.62,918.13,64.19,38.43,17.85,45.74,Yes,Solar Panel,1.16,2024-11-03 07:00:00
39.01,753.24,81.21,39.85,10.79,34.59,No,Battery,5.15,2024-11-03 08:00:00
37.81,625.20,72.56,50.01,9.53,23.59,No,Inverter,10.31,2024-11-03 09:00:00
29.11,571.47,60.45,46.13,25.26,20.87,No,Battery,7.48,2024-11-03 10:00:00
32.40,521.93,77.80,35.46,8.38,12.32,No,Inverter,2.86,2024-11-03 11:00:00
25.55,857.08,72.70,39.38,16.72,20.48,No,Charge Controller,8.29,2024-11-03 12:00:00
23.76,631.92,81.85,32.62,28.46,16.96,No,Solar Panel,6.11,2024-11-03 13:00:00
29.27,706.77,79.40,58.81,9.65,34.04,Yes,Battery,5.85,2024-11-03 14:00:00
27.07,695.40,74.40,29.57,29.45,18.00,No,Charge Controller,12.15,2024-11-03 15:00:00
31.67,746.37,69.53,38.01,29.86,31.03,No,Battery,6.11,2024-11-03 16:00:00
21.55,919.35,55.33,25.90,18.89,33.24,No,Charge Controller,0.40,2024-11-03 17:00:00
39.49,988.44,60.45,32.76,9.25,22.73,No,Solar Panel,0.87,2024-11-03 18:00:00
39.72,644.55,66.76,52.32,12.90,13.26,No,Inverter,12.84,2024-11-03 19:00:00
33.96,896.51,73.97,32.04,15.61,13.34,No,Charge Controller,14.41,2024-11-03 20:00:00
30.72,858.72,70.55,27.80,12.73,12.95,Yes,Battery,10.33,2024-11-03 21:00:00
26.19,744.12,61.53,41.61,12.02,38.61,No,Battery,5.47,2024-11-03 22:00:00
36.28,973.63,50.26,25.35,29.31,23.45,No,Charge Controller,14.08,2024-11-03 23:00:00
33.69,520.28,69.85,27.97,8.83,40.67,No,Solar Panel,9.94,2024-11-04 00:00:00
23.25,465.56,61.43,53.27,23.33,27.54,No,Solar Panel,12.67,2024-11-04 01:00:00
38.22,912.38,79.38,52.00,5.01,28.31,No,Inverter,11.49,2024-11-04 02:00:00
36.45,663.49,50.96,57.03,19.90,30.46,No,Inverter,5.69,2024-11-04 03:00:00
39.00,908.18,73.39,54.91,27.90,37.67,No,Battery,7.18,2024-11-04 04:00:00
34.51,935.85,87.66,48.91,12.20,21.85,No,Battery,2.79,2024-11-04 05:00:00
32.27,437.47,56.98,26.83,9.64,16.38,No,Inverter,4.38,2024-11-04 06:00:00
28.36,930.08,68.87,52.40,21.29,32.02,No,Inverter,11.67,2024-11-04 07:00:00
38.65,668.99,53.66,54.59,22.82,23.77,No,Inverter,13.41,2024-11-04 08:00:00
37.32,706.26,75.03,52.97,22.20,27.93,No,Charge Controller,10.87,2024-11-04 09:00:00
20.90,775.96,72.02,42.80,12.98,35.29,No,Inverter,6.98,2024-11-04 10:00:00
20.53,955.83,66.29,33.15,11.31,29.79,No,Charge Controller,1.30,2024-11-04 11:00:00
27.53,411.47,70.86,54.59,28.90,34.33,No,Charge Controller,0.85,2024-11-04 12:00:00
36.21,686.11,85.86,50.45,28.08,31.59,No,Inverter,5.61,2024-11-04 13:00:00
39.75,812.63,57.85,59.33,16.43,38.63,No,Solar Panel,6.96,2024-11-04 14:00:00
23.01,833.62,50.90,30.45,26.15,37.41,No,Solar Panel,9.14,2024-11-04 15:00:00
31.88,815.52,84.47,32.90,16.31,31.23,Yes,Battery,0.10,2024-11-04 16:00:00
27.62,480.66,73.08,32.41,15.61,36.44,No,Inverter,14.85,2024-11-04 17:00:00
39.40,579.64,85.63,52.74,8.92,43.45,No,Battery,5.46,2024-11-04 18:00:00
36.84,615.23,73.88,31.54,15.66,27.56,No,Inverter,12.72,2024-11-04 19:00:00
36.77,882.66,82.41,27.33,18.44,26.86,Yes,Battery,8.02,2024-11-04 20:00:00
29.37,567.26,67.19,59.95,5.56,39.51,No,Charge Controller,1.96,2024-11-04 21:00:00
28.30,526.42,79.99,25.87,16.10,32.97,Yes,Inverter,11.96,2024-11-04 22:00:00
25.47,974.47,86.52,54.23,24.53,14.56,Yes,Solar Panel,10.65,2024-11-04 23:00:00
21.13,405.32,72.88,37.79,22.00,44.12,No,Inverter,7.91,2024-11-05 00:00:00
37.29,998.69,57.23,54.46,20.88,13.11,No,Battery,7.72,2024-11-05 01:00:00
36.26,806.09,60.75,44.41,27.74,38.94,No,Battery,1.31,2024-11-05 02:00:00
39.99,897.08,57.95,56.56,5.45,39.32,No,Battery,9.84,2024-11-05 03:00:00
39.93,576.77,59.87,57.42,18.93,46.31,Yes,Battery,13.67,2024-11-05 04:00:00
31.11,408.59,62.26,25.32,24.68,13.95,No,Battery,1.40,2024-11-05 05:00:00
35.38,842.72,72.21,27.64,18.53,33.49,No,Battery,3.95,2024-11-05 06:00:00
38.90,900.49,73.52,33.76,13.10,27.40,No,Solar Panel,13.53,2024-11-05 07:00:00
36.99,844.29,67.06,48.43,8.41,23.90,No,Battery,4.27,2024-11-05 08:00:00
24.95,485.71,74.62,56.09,27.19,15.25,No,Solar Panel,9.81,2024-11-05 09:00:00
29.01,852.06,53.26,41.10,16.77,32.26,No,Inverter,8.02,2024-11-05 10:00:00
22.58,861.35,53.51,46.24,26.95,29.25,Yes,Charge Controller,8.94,2024-11-05 11:00:00
39.08,795.12,56.87,31.60,19.65,15.76,Yes,Solar Panel,6.24,2024-11-05 12:00:00
32.12,859.67,70.72,53.17,21.85,34.05,No,Inverter,4.50,2024-11-05 13:00:00
24.57,907.55,58.56,58.86,25.11,38.57,No,Charge Controller,0.73,2024-11-05 14:00:00
33.43,768.16,61.33,34.40,21.48,39.62,No,Solar Panel,11.16,2024-11-05 15:00:00
32.36,453.16,66.01,42.32,14.95,44.59,No,Solar Panel,11.19,2024-11-05 16:00:00
27.16,692.58,82.47,28.01,17.84,26.74,No,Inverter,10.06,2024-11-05 17:00:00
22.27,446.59,50.55,44.57,25.08,46.31,No,Battery,9.65,2024-11-05 18:00:00
33.43,644.53,75.98,42.60,14.34,43.16,No,Solar Panel,3.66,2024-11-05 19:00:00
30.41,644.26,76.76,30.06,14.70,22.67,No,Solar Panel,0.34,2024-11-05 20:00:00
35.45,439.61,81.95,40.47,7.39,17.73,No,Inverter,12.13,2024-11-05 21:00:00
30.40,609.29,87.31,36.69,27.86,27.67,No,Battery,7.37,2024-11-05 22:00:00
37.04,466.60,50.81,43.26,7.28,26.47,No,Charge Controller,4.60,2024-11-05 23:00:00
31.04,884.94,56.15,45.50,21.21,32.73,No,Battery,1.53,2024-11-06 00:00:00
31.22,968.61,85.45,25.30,15.33,33.00,No,Battery,0.94,2024-11-06 01:00:00
37.53,443.39,68.34,51.64,15.14,39.00,No,Inverter,5.23,2024-11-06 02:00:00
28.07,973.07,72.58,49.96,21.99,30.36,No,Battery,12.07,2024-11-06 03:00:00
22.68,713.55,76.52,37.82,6.68,15.77,No,Inverter,13.78,2024-11-06 04:00:00
20.58,579.74,77.16,26.85,19.84,42.90,No,Charge Controller,13.45,2024-11-06 05:00:00
35.10,446.12,87.27,51.42,24.30,23.15,No,Solar Panel,13.80,2024-11-06 06:00:00
32.41,700.37,89.88,58.43,25.71,46.97,No,Solar Panel,13.62,2024-11-06 07:00:00
34.08,876.71,78.81,33.41,9.26,16.24,No,Inverter,7.91,2024-11-06 08:00:00
24.26,824.25,61.49,36.32,27.44,46.50,No,Inverter,3.29,2024-11-06 09:00:00
22.73,430.14,85.19,31.43,21.40,15.28,No,Battery,11.97,2024-11-06 10:00:00
20.29,443.74,51.97,45.19,27.05,20.32,No,Battery,3.21,2024-11-06 11:00:00
27.01,641.72,59.24,30.42,17.13,13.68,No,Solar Panel,4.01,2024-11-06 12:00:00
31.80,577.17,85.90,37.47,18.55,37.38,No,Solar Panel,3.50,2024-11-06 13:00:00
27.84,539.43,60.25,49.40,27.98,42.61,No,Solar Panel,7.72,2024-11-06 14:00:00
28.75,568.60,58.83,44.60,27.50,27.63,Yes,Inverter,4.83,2024-11-06 15:00:00
38.08,882.09,55.53,38.53,16.20,45.43,No,Charge Controller,2.31,2024-11-06 16:00:00
26.97,957.54,84.36,39.71,11.86,33.25,No,Charge Controller,6.80,2024-11-06 17:00:00
30.28,643.06,70.00,44.67,14.83,34.68,No,Inverter,13.11,2024-11-06 18:00:00
35.67,943.67,77.00,25.21,14.69,42.44,No,Battery,8.56,2024-11-06 19:00:00
27.93,592.90,59.56,27.75,12.17,22.68,No,Charge Controller,13.18,2024-11-06 20:00:00
32.44,685.86,80.32,55.84,11.71,24.75,No,Battery,2.94,2024-11-06 21:00:00
37.25,535.62,80.40,27.73,26.53,44.61,No,Solar Panel,2.50,2024-11-06 22:00:00
38.99,784.29,62.50,49.74,6.75,44.43,No,Solar Panel,8.63,2024-11-06 23:00:00
22.94,987.39,66.43,57.20,21.94,47.15,Yes,Battery,6.95,2024-11-07 00:00:00
38.53,762.10,58.39,34.47,9.32,44.47,No,Solar Panel,9.90,2024-11-07 01:00:00
29.84,614.69,89.06,37.97,13.61,16.59,No,Inverter,11.92,2024-11-07 02:00:00
25.16,788.69,75.82,44.91,6.54,41.65,No,Battery,11.27,2024-11-07 03:00:00
29.18,473.75,87.38,55.86,11.75,26.75,No,Battery,14.13,2024-11-07 04:00:00
39.60,933.20,62.14,57.97,24.21,47.67,No,Battery,5.97,2024-11-07 05:00:00
29.85,701.85,81.28,50.88,27.13,29.00,No,Charge Controller,3.10,2024-11-07 06:00:00
26.58,669.61,80.63,28.03,10.54,31.94,No,Battery,8.26,2024-11-07 07:00:00
32.67,751.52,77.67,48.42,16.59,31.07,No,Battery,1.66,2024-11-07 08:00:00
24.80,774.87,88.63,39.36,16.76,23.58,No,Battery,4.33,2024-11-07 09:00:00
21.52,443.07,65.74,41.47,26.84,14.70,No,Charge Controller,3.12,2024-11-07 10:00:00
22.58,809.57,55.23,26.72,24.07,44.24,No,Solar Panel,5.95,2024-11-07 11:00:00
22.56,545.16,76.87,31.69,17.83,40.90,No,Charge Controller,1.67,2024-11-07 12:00:00
23.04,828.37,79.17,52.67,21.77,17.02,No,Inverter,0.48,2024-11-07 13:00:00
22.78,893.52,73.00,40.89,26.18,39.96,No,Battery,9.85,2024-11-07 14:00:00
32.82,882.38,58.27,35.56,5.24,34.53,No,Inverter,9.15,2024-11-07 15:00:00
23.64,731.50,70.18,38.44,15.07,26.73,No,Charge Controller,10.63,2024-11-07 16:00:00
26.91,712.10,62.49,54.90,27.68,21.14,No,Solar Panel,9.91,2024-11-07 17:00:00
37.94,485.73,67.10,51.21,23.51,42.95,Yes,Solar Panel,1.71,2024-11-07 18:00:00
29.48,865.21,75.81,34.53,18.57,37.21,Yes,Battery,4.37,2024-11-07 19:00:00
33.35,562.85,79.81,29.11,18.24,31.72,No,Solar Panel,1.94,2024-11-07 20:00:00
23.45,698.02,59.29,33.82,13.69,33.94,No,Charge Controller,12.64,2024-11-07 21:00:00
23.85,570.56,66.21,57.23,18.01,15.28,No,Charge Controller,11.20,2024-11-07 22:00:00
20.82,480.30,60.77,45.36,21.38,29.06,No,Solar Panel,3.02,2024-11-07 23:00:00
23.38,777.73,57.95,43.67,15.46,18.97,No,Battery,5.12,2024-11-08 00:00:00
25.57,432.60,81.34,45.87,22.85,19.50,No,Battery,14.50,2024-11-08 01:00:00
23.54,849.19,86.37,37.81,26.53,35.81,No,Charge Controller,8.91,2024-11-08 02:00:00
21.77,590.55,64.81,53.25,8.87,44.81,No,Solar Panel,12.02,2024-11-08 03:00:00
22.41,400.08,80.05,43.32,16.29,26.54,No,Charge Controller,3.97,2024-11-08 04:00:00
29.22,706.68,85.88,29.09,15.20,19.48,No,Charge Controller,3.15,2024-11-08 05:00:00
24.13,428.11,83.84,29.52,22.19,35.35,No,Inverter,11.76,2024-11-08 06:00:00
27.29,565.70,57.31,43.79,11.25,43.36,No,Charge Controller,10.29,2024-11-08 07:00:00
30.07,824.19,88.25,57.78,21.01,38.94,No,Battery,10.21,2024-11-08 08:00:00
33.81,437.61,65.07,35.79,26.94,43.28,No,Solar Panel,8.29,2024-11-08 09:00:00
20.79,903.60,63.57,55.43,15.45,31.32,No,Solar Panel,8.45,2024-11-08 10:00:00
35.99,402.29,52.50,51.74,27.78,39.07,Yes,Inverter,11.04,2024-11-08 11:00:00
32.56,548.09,69.45,33.67,29.83,17.04,No,Inverter,4.05,2024-11-08 12:00:00
21.64,844.54,54.36,26.27,7.65,24.54,No,Battery,5.29,2024-11-08 13:00:00
37.47,589.76,59.94,28.56,10.83,26.02,No,Inverter,13.07,2024-11-08 14:00:00
38.42,461.14,62.68,50.50,28.76,30.41,No,Charge Controller,4.63,2024-11-08 15:00:00
21.22,616.14,82.35,31.99,28.96,45.45,Yes,Charge Controller,8.19,2024-11-08 16:00:00
25.54,562.24,85.02,37.99,7.44,43.47,No,Battery,10.54,2024-11-08 17:00:00
36.12,905.63,62.10,42.56,5.37,16.84,No,Solar Panel,15.00,2024-11-08 18:00:00
34.97,588.01,84.35,50.39,9.03,18.22,No,Battery,6.53,2024-11-08 19:00:00
23.69,873.36,84.29,28.96,29.90,24.88,No,Inverter,6.42,2024-11-08 20:00:00
24.19,935.12,80.59,39.22,9.50,22.47,No,Solar Panel,12.64,2024-11-08 21:00:00
27.41,660.29,55.87,41.98,17.56,34.13,No,Solar Panel,12.08,2024-11-08 22:00:00
29.69,945.97,77.61,43.93,26.21,44.50,No,Solar Panel,10.97,2024-11-08 23:00:00
32.37,626.39,87.80,53.64,5.51,46.64,No,Inverter,6.95,2024-11-09 00:00:00
27.38,978.45,77.30,31.01,20.11,35.53,No,Charge Controller,4.86,2024-11-09 01:00:00
29.25,453.57,63.26,53.27,11.93,42.17,No,Charge Controller,9.13,2024-11-09 02:00:00
34.95,812.21,70.02,49.25,26.56,30.91,No,Inverter,13.14,2024-11-09 03:00:00
20.73,696.29,75.83,44.46,12.09,19.50,No,Inverter,13.26,2024-11-09 04:00:00
25.05,632.59,70.42,49.48,22.17,30.89,No,Battery,1.63,2024-11-09 05:00:00
34.27,779.63,54.80,39.42,21.86,31.98,No,Battery,6.43,2024-11-09 06:00:00
37.90,822.31,62.48,29.84,10.54,38.73,Yes,Charge Controller,6.97,2024-11-09 07:00:00
30.23,402.62,82.10,48.30,5.87,19.92,Yes,Inverter,14.66,2024-11-09 08:00:00
30.64,500.17,84.46,43.36,15.23,25.26,No,Battery,10.17,2024-11-09 09:00:00
22.14,827.83,55.49,47.38,12.23,25.10,No,Inverter,6.11,2024-11-09 10:00:00
28.95,799.83,88.10,36.83,25.22,46.54,No,Inverter,0.39,2024-11-09 11:00:00
30.65,979.63,63.15,56.74,25.01,27.98,No,Charge Controller,8.48,2024-11-09 12:00:00
24.85,856.62,76.49,45.56,16.43,39.18,No,Charge Controller,1.44,2024-11-09 13:00:00
25.38,970.46,80.07,27.99,20.16,39.03,No,Inverter,12.52,2024-11-09 14:00:00
27.55,821.52,82.48,40.74,20.11,21.56,No,Solar Panel,11.29,2024-11-09 15:00:00
20.40,578.83,87.83,51.47,25.68,32.59,No,Solar Panel,6.91,2024-11-09 16:00:00
26.44,463.22,62.52,52.79,15.63,44.19,No,Inverter,6.44,2024-11-09 17:00:00
24.23,869.09,84.34,42.31,11.89,29.11,No,Charge Controller,13.46,2024-11-09 18:00:00
26.55,786.49,55.27,56.32,11.63,46.02,No,Solar Panel,4.33,2024-11-09 19:00:00
22.40,428.91,78.20,34.37,18.40,19.72,No,Charge Controller,3.74,2024-11-09 20:00:00
37.81,616.03,79.68,39.37,16.23,14.67,No,Solar Panel,14.09,2024-11-09 21:00:00
31.87,974.08,77.11,56.45,16.00,44.09,No,Inverter,12.14,2024-11-09 22:00:00
33.58,700.24,60.09,56.37,7.28,42.52,No,Battery,12.31,2024-11-09 23:00:00
35.78,659.64,84.92,49.00,22.97,47.73,No,Battery,2.93,2024-11-10 00:00:00
29.97,674.62,56.75,55.06,10.34,36.46,No,Charge Controller,2.15,2024-11-10 01:00:00
21.74,525.33,52.15,28.11,9.92,45.72,No,Charge Controller,0.39,2024-11-10 02:00:00
30.74,621.22,78.70,55.27,15.32,41.77,No,Solar Panel,3.56,2024-11-10 03:00:00
31.74,621.89,69.02,36.22,10.69,42.40,No,Inverter,11.61,2024-11-10 04:00:00
34.91,431.41,83.96,31.24,19.60,32.49,No,Solar Panel,3.60,2024-11-10 05:00:00
28.63,860.54,65.34,33.38,14.29,25.77,No,Inverter,10.94,2024-11-10 06:00:00
22.55,649.90,56.73,39.63,16.22,45.64,No,Inverter,3.78,2024-11-10 07:00:00
25.68,893.31,83.46,33.79,18.43,27.56,No,Charge Controller,5.93,2024-11-10 08:00:00
27.26,910.21,71.96,36.22,10.09,31.40,Yes,Battery,14.75,2024-11-10 09:00:00
32.92,527.20,57.57,29.72,8.89,28.06,No,Battery,3.67,2024-11-10 10:00:00
31.42,794.41,78.82,35.37,27.01,32.33,No,Charge Controller,5.65,2024-11-10 11:00:00
27.12,683.37,70.44,45.03,15.84,28.94,No,Battery,4.52,2024-11-10 12:00:00
39.73,928.09,74.17,40.46,15.30,13.73,No,Charge Controller,1.64,2024-11-10 13:00:00
32.12,529.44,68.44,37.14,5.89,43.75,No,Solar Panel,7.35,2024-11-10 14:00:00
24.74,806.69,83.15,51.13,17.45,28.00,No,Inverter,5.68,2024-11-10 15:00:00
22.04,764.65,83.18,56.27,18.85,33.20,No,Battery,10.42,2024-11-10 16:00:00
23.06,577.18,78.38,51.49,18.97,17.01,No,Battery,12.26,2024-11-10 17:00:00
24.92,481.96,54.22,36.62,22.68,12.12,No,Solar Panel,8.16,2024-11-10 18:00:00
23.21,790.98,83.55,51.06,9.44,20.83,No,Solar Panel,0.48,2024-11-10 19:00:00
23.73,843.16,76.84,30.32,11.31,37.37,No,Battery,9.28,2024-11-10 20:00:00
25.70,589.38,77.88,29.56,25.27,15.57,No,Battery,0.83,2024-11-10 21:00:00
23.47,786.90,64.52,37.10,28.68,44.72,Yes,Charge Controller,9.25,2024-11-10 22:00:00
37.94,637.08,85.17,53.27,8.40,19.74,Yes,Charge Controller,10.28,2024-11-10 23:00:00
21.60,827.92,79.01,33.62,17.44,19.37,No,Battery,2.97,2024-11-11 00:00:00
30.49,519.53,54.50,27.21,10.35,18.53,Yes,Charge Controller,12.29,2024-11-11 01:00:00
28.21,934.13,66.31,29.61,6.50,12.50,No,Solar Panel,13.67,2024-11-11 02:00:00
39.65,572.45,85.46,55.06,13.14,39.78,No,Inverter,12.20,2024-11-11 03:00:00
22.24,620.67,51.89,47.18,8.59,43.50,No,Charge Controller,4.58,2024-11-11 04:00:00
27.96,434.86,88.46,33.86,22.75,34.11,No,Inverter,8.80,2024-11-11 05:00:00
39.39,466.91,77.17,44.44,18.34,18.78,No,Charge Controller,13.72,2024-11-11 06:00:00
37.31,709.52,75.26,43.47,8.60,22.27,No,Battery,4.81,2024-11-11 07:00:00
36.34,560.56,60.82,47.94,5.23,29.13,No,Charge Controller,12.30,2024-11-11 08:00:00
25.16,901.29,59.95,33.16,25.20,46.36,No,Inverter,0.14,2024-11-11 09:00:00
23.42,408.82,87.68,55.25,9.40,20.90,No,Inverter,0.05,2024-11-11 10:00:00
33.37,627.46,61.93,35.83,20.16,38.34,No,Battery,11.40,2024-11-11 11:00:00
38.59,602.41,81.02,49.29,13.42,27.82,No,Inverter,11.42,2024-11-11 12:00:00
31.14,411.60,65.72,25.56,19.64,22.72,No,Battery,11.83,2024-11-11 13:00:00
31.43,474.62,55.57,38.04,12.89,28.41,No,Battery,13.95,2024-11-11 14:00:00
25.60,648.19,50.43,37.31,7.17,14.56,No,Inverter,1.77,2024-11-11 15:00:00
35.39,695.72,71.77,44.02,10.57,40.75,No,Solar Panel,3.48,2024-11-11 16:00:00
23.74,642.57,89.03,27.55,9.70,20.76,No,Inverter,13.56,2024-11-11 17:00:00
26.47,718.56,64.77,52.65,15.70,38.11,No,Inverter,2.66,2024-11-11 18:00:00
28.51,757.08,64.29,32.62,21.46,14.46,No,Charge Controller,10.23,2024-11-11 19:00:00
30.15,405.95,63.76,48.70,11.60,46.38,No,Inverter,7.96,2024-11-11 20:00:00
24.85,678.46,70.82,53.11,5.30,18.95,No,Charge Controller,1.25,2024-11-11 21:00:00
22.30,978.10,67.63,44.67,17.97,43.78,No,Charge Controller,4.28,2024-11-11 22:00:00
32.21,711.42,85.20,50.93,20.14,41.14,No,Inverter,7.81,2024-11-11 23:00:00
25.77,806.53,70.22,48.17,29.07,46.84,No,Battery,12.79,2024-11-12 00:00:00
31.62,587.12,70.31,37.44,19.74,29.20,No,Solar Panel,10.61,2024-11-12 01:00:00
23.09,864.39,55.53,53.31,16.78,38.19,No,Inverter,9.33,2024-11-12 02:00:00
29.62,863.75,89.31,35.31,19.34,25.35,No,Inverter,7.44,2024-11-12 03:00:00
30.65,712.78,60.00,44.99,28.20,18.64,No,Battery,4.48,2024-11-12 04:00:00
21.04,985.61,52.93,51.09,25.71,27.95,No,Charge Controller,1.79,2024-11-12 05:00:00
26.73,475.33,76.53,38.26,13.07,17.97,No,Battery,6.14,2024-11-12 06:00:00
22.69,410.17,73.81,35.60,10.93,47.35,No,Battery,0.43,2024-11-12 07:00:00
21.27,862.09,66.61,41.08,11.57,15.46,No,Charge Controller,3.17,2024-11-12 08:00:00
39.80,884.29,66.89,53.63,17.61,33.21,No,Inverter,6.49,2024-11-12 09:00:00
26.45,472.12,81.40,57.55,23.60,34.55,No,Battery,6.28,2024-11-12 10:00:00
36.20,559.35,57.83,44.08,17.58,31.37,No,Battery,0.66,2024-11-12 11:00:00
25.09,410.53,82.81,48.15,6.69,35.84,No,Inverter,8.84,2024-11-12 12:00:00
33.63,575.99,75.95,56.61,23.09,16.18,No,Inverter,8.25,2024-11-12 13:00:00
35.20,863.89,66.76,28.45,25.15,31.98,No,Solar Panel,1.17,2024-11-12 14:00:00
31.91,710.78,68.32,33.12,12.24,22.34,No,Battery,14.15,2024-11-12 15:00:00
29.43,608.86,60.27,49.81,21.60,45.85,No,Solar Panel,1.49,2024-11-12 16:00:00
28.24,623.04,80.08,53.83,15.66,39.43,No,Charge Controller,12.82,2024-11-12 17:00:00
26.98,400.81,70.51,55.00,27.23,47.01,No,Inverter,0.00,2024-11-12 18:00:00
38.59,579.88,62.83,39.53,26.13,13.35,No,Inverter,13.23,2024-11-12 19:00:00
36.61,787.88,73.84,28.13,18.14,22.26,Yes,Solar Panel,0.30,2024-11-12 20:00:00
39.30,984.52,89.83,40.32,22.29,19.04,No,Battery,11.37,2024-11-12 21:00:00
22.49,908.24,67.41,33.08,27.08,12.40,No,Charge Controller,5.43,2024-11-12 22:00:00
34.62,414.16,86.83,35.19,17.39,20.72,Yes,Battery,11.07,2024-11-12 23:00:00
38.77,939.14,63.80,52.03,12.83,36.44,No,Battery,6.03,2024-11-13 00:00:00
23.62,869.92,52.19,27.64,23.84,20.32,Yes,Solar Panel,1.06,2024-11-13 01:00:00
21.33,868.23,58.17,53.97,10.50,30.32,No,Battery,11.51,2024-11-13 02:00:00
34.82,674.80,66.75,39.97,14.71,43.96,No,Solar Panel,1.07,2024-11-13 03:00:00
31.49,638.80,58.79,45.86,26.64,36.98,No,Inverter,13.83,2024-11-13 04:00:00
36.84,581.75,50.01,28.14,23.11,26.21,No,Inverter,0.76,2024-11-13 05:00:00
22.80,439.42,86.60,36.81,15.10,25.41,No,Inverter,7.19,2024-11-13 06:00:00
35.91,536.94,83.76,28.14,10.37,28.41,No,Charge Controller,10.85,2024-11-13 07:00:00
24.03,547.96,79.69,58.65,13.90,18.37,No,Charge Controller,5.90,2024-11-13 08:00:00
23.27,690.45,56.71,53.25,12.10,34.82,No,Battery,3.26,2024-11-13 09:00:00
23.29,848.47,54.81,41.09,9.40,25.11,No,Solar Panel,11.39,2024-11-13 10:00:00
36.29,684.29,52.70,32.83,23.58,42.69,No,Battery,11.76,2024-11-13 11:00:00
33.30,434.71,78.96,57.67,11.30,39.24,No,Inverter,13.84,2024-11-13 12:00:00
30.46,974.67,87.15,37.06,16.35,33.98,No,Battery,5.64,2024-11-13 13:00:00
27.18,965.63,67.22,30.63,14.65,25.11,No,Battery,7.59,2024-11-13 14:00:00
37.54,871.11,54.77,44.71,29.55,19.56,No,Battery,5.45,2024-11-13 15:00:00
27.85,994.80,70.50,58.03,14.78,39.94,No,Inverter,3.86,2024-11-13 16:00:00
36.33,726.69,63.95,25.13,7.00,29.51,No,Solar Panel,11.27,2024-11-13 17:00:00
28.78,977.66,64.99,33.33,7.25,20.09,No,Battery,5.09,2024-11-13 18:00:00
27.54,445.36,74.85,57.85,19.77,19.03,No,Inverter,6.42,2024-11-13 19:00:00
29.25,619.41,78.75,30.99,19.98,17.95,No,Charge Controller,6.06,2024-11-13 20:00:00
26.03,535.23,54.42,28.96,15.47,39.98,No,Solar Panel,10.69,2024-11-13 21:00:00
34.95,517.50,51.42,44.96,15.80,20.24,No,Inverter,13.77,2024-11-13 22:00:00
30.05,484.48,89.77,55.16,6.35,30.96,No,Battery,10.00,2024-11-13 23:00:00
24.64,773.45,59.31,41.70,17.91,28.26,No,Inverter,7.07,2024-11-14 00:00:00
37.99,868.79,52.15,59.81,17.62,32.87,No,Solar Panel,11.69,2024-11-14 01:00:00
27.68,746.98,57.60,48.77,8.74,43.58,Yes,Battery,9.61,2024-11-14 02:00:00
30.87,488.18,51.56,27.59,7.60,43.24,No,Charge Controller,0.91,2024-11-14 03:00:00
38.13,886.67,65.67,59.75,8.09,28.24,No,Charge Controller,1.43,2024-11-14 04:00:00
32.48,781.57,82.10,39.28,7.53,12.55,No,Charge Controller,0.57,2024-11-14 05:00:00
22.34,632.90,63.65,35.06,20.24,27.35,Yes,Inverter,6.85,2024-11-14 06:00:00
38.80,804.48,67.77,44.53,9.91,33.82,No,Solar Panel,12.39,2024-11-14 07:00:00
32.55,555.94,77.02,35.65,11.29,32.08,No,Charge Controller,4.70,2024-11-14 08:00:00
26.70,607.12,70.36,28.03,9.34,35.45,Yes,Battery,5.76,2024-11-14 09:00:00
22.79,950.49,84.46,25.05,28.95,17.55,No,Battery,13.64,2024-11-14 10:00:00
35.88,574.30,84.64,40.74,26.37,35.28,No,Battery,12.55,2024-11-14 11:00:00
32.40,681.99,50.40,54.29,10.76,18.58,No,Inverter,9.98,2024-11-14 12:00:00
30.67,934.08,81.12,45.03,13.19,39.02,No,Solar Panel,4.00,2024-11-14 13:00:00
37.88,824.63,68.43,59.97,10.25,24.21,No,Solar Panel,1.76,2024-11-14 14:00:00
35.77,437.32,89.55,35.04,17.30,37.56,No,Charge Controller,0.24,2024-11-14 15:00:00
23.03,488.38,69.33,34.82,5.49,13.72,No,Solar Panel,1.61,2024-11-14 16:00:00
26.23,404.70,89.48,30.59,21.78,26.68,No,Battery,4.39,2024-11-14 17:00:00
24.97,778.55,80.18,30.74,18.08,37.38,No,Battery,8.28,2024-11-14 18:00:00
34.88,668.60,59.94,34.98,27.47,20.17,No,Inverter,0.96,2024-11-14 19:00:00
20.67,480.56,71.54,52.75,9.11,40.63,No,Battery,2.04,2024-11-14 20:00:00
31.40,974.76,89.69,56.70,25.10,34.71,No,Solar Panel,2.72,2024-11-14 21:00:00
35.25,717.80,84.30,59.13,24.80,33.15,No,Battery,9.48,2024-11-14 22:00:00
37.54,545.14,53.89,33.13,8.18,24.73,No,Charge Controller,9.24,2024-11-14 23:00:00
26.84,700.36,78.25,55.85,14.96,29.37,No,Inverter,8.26,2024-11-15 00:00:00
36.43,807.77,63.82,36.49,9.25,33.50,No,Inverter,3.76,2024-11-15 01:00:00
22.21,445.74,50.28,28.95,11.37,29.01,No,Solar Panel,5.57,2024-11-15 02:00:00
36.93,564.82,66.14,55.45,11.58,37.14,No,Battery,1.45,2024-11-15 03:00:00
22.55,884.18,59.39,47.26,18.91,27.61,No,Battery,3.40,2024-11-15 04:00:00
27.95,675.80,82.75,30.77,15.29,19.28,No,Solar Panel,13.47,2024-11-15 05:00:00
35.95,727.95,63.49,40.04,28.69,19.70,No,Solar Panel,14.70,2024-11-15 06:00:00
23.00,659.69,83.10,35.05,8.16,12.21,No,Charge Controller,9.71,2024-11-15 07:00:00
24.59,426.34,50.02,50.79,29.34,22.83,No,Solar Panel,13.75,2024-11-15 08:00:00
34.45,499.45,62.31,40.87,10.77,38.96,No,Battery,9.64,2024-11-15 09:00:00
34.40,667.32,59.65,59.62,24.32,40.59,No,Charge Controller,0.50,2024-11-15 10:00:00
32.82,525.51,59.34,26.92,13.47,19.29,No,Inverter,14.95,2024-11-15 11:00:00
33.88,429.99,52.73,37.43,8.58,46.53,No,Battery,1.48,2024-11-15 12:00:00
30.85,906.19,57.48,41.87,26.45,30.09,No,Inverter,10.24,2024-11-15 13:00:00
25.04,988.72,72.22,42.61,12.72,45.01,No,Inverter,3.79,2024-11-15 14:00:00
26.91,875.89,61.65,36.06,21.47,37.44,No,Inverter,5.88,2024-11-15 15:00:00
23.63,912.27,66.70,50.52,19.16,38.01,No,Battery,9.69,2024-11-15 16:00:00
38.17,545.19,65.07,55.62,16.79,15.06,No,Inverter,6.55,2024-11-15 17:00:00
31.67,976.38,85.04,57.86,17.40,19.92,Yes,Battery,3.76,2024-11-15 18:00:00
28.02,518.16,86.21,53.18,23.31,12.32,No,Inverter,5.02,2024-11-15 19:00:00
29.24,970.86,69.72,54.77,7.19,37.78,No,Solar Panel,5.12,2024-11-15 20:00:00
38.95,996.89,63.21,44.27,21.70,24.40,No,Solar Panel,14.39,2024-11-15 21:00:00
23.07,827.03,54.27,53.91,27.40,40.32,No,Battery,11.98,2024-11-15 22:00:00
31.72,988.69,88.14,35.62,6.44,24.20,No,Inverter,6.88,2024-11-15 23:00:00
30.12,741.72,52.41,38.95,8.52,41.50,No,Inverter,3.00,2024-11-16 00:00:00
32.23,555.73,61.91,36.09,22.92,16.71,No,Inverter,12.17,2024-11-16 01:00:00
20.36,662.20,61.92,41.36,15.93,18.24,No,Solar Panel,2.36,2024-11-16 02:00:00
37.44,756.14,62.82,35.00,15.09,24.27,No,Inverter,3.16,2024-11-16 03:00:00
38.64,443.85,56.57,58.66,8.42,26.71,No,Inverter,5.49,2024-11-16 04:00:00
31.30,773.41,81.33,35.95,17.67,24.55,No,Battery,13.21,2024-11-16 05:00:00
33.93,988.71,54.90,28.43,8.16,39.49,No,Inverter,1.98,2024-11-16 06:00:00
38.45,514.06,75.40,43.44,16.92,15.49,No,Solar Panel,1.83,2024-11-16 07:00:00
34.14,875.56,54.95,27.00,24.09,24.64,No,Inverter,7.41,2024-11-16 08:00:00
23.05,944.74,52.82,28.87,11.46,42.14,Yes,Solar Panel,4.15,2024-11-16 09:00:00
31.53,966.22,86.38,32.68,17.02,14.40,No,Solar Panel,8.53,2024-11-16 10:00:00
32.13,976.08,57.61,41.25,29.80,45.92,Yes,Charge Controller,6.77,2024-11-16 11:00:00
28.48,712.88,82.85,40.16,22.17,47.51,No,Solar Panel,6.52,2024-11-16 12:00:00
34.73,986.38,71.79,52.99,26.03,15.19,No,Charge Controller,1.68,2024-11-16 13:00:00
38.69,854.39,53.11,50.88,15.37,22.49,No,Charge Controller,2.12,2024-11-16 14:00:00
38.51,497.00,88.22,39.92,24.20,25.41,No,Inverter,12.32,2024-11-16 15:00:00
29.02,686.14,59.88,36.68,6.01,39.95,No,Charge Controller,13.29,2024-11-16 16:00:00
22.26,831.00,84.39,36.08,8.07,33.45,No,Battery,3.52,2024-11-16 17:00:00
39.70,548.40,56.75,52.09,10.08,35.20,No,Solar Panel,1.70,2024-11-16 18:00:00
36.78,784.37,84.16,26.82,15.05,39.27,No,Battery,0.80,2024-11-16 19:00:00
22.49,799.96,50.53,25.45,26.14,16.25,No,Charge Controller,9.12,2024-11-16 20:00:00
38.42,497.62,70.47,52.84,13.66,42.00,Yes,Inverter,10.73,2024-11-16 21:00:00
37.40,739.05,80.78,41.70,21.37,37.40,Yes,Solar Panel,5.59,2024-11-16 22:00:00
30.38,862.98,87.39,29.58,22.73,32.78,No,Battery,10.20,2024-11-16 23:00:00
31.83,699.34,86.37,33.24,19.65,44.03,No,Inverter,10.69,2024-11-17 00:00:00
27.98,407.26,82.78,57.64,13.93,37.21,No,Charge Controller,14.03,2024-11-17 01:00:00
21.10,405.42,85.53,55.08,19.43,19.26,No,Inverter,0.97,2024-11-17 02:00:00
26.70,614.22,57.97,49.84,13.56,27.47,No,Battery,2.88,2024-11-17 03:00:00
36.06,955.72,61.37,41.88,7.10,29.79,No,Inverter,1.03,2024-11-17 04:00:00
20.09,537.21,61.56,43.21,29.82,13.99,No,Battery,13.02,2024-11-17 05:00:00
26.67,780.62,65.08,59.13,8.18,46.37,No,Inverter,11.89,2024-11-17 06:00:00
27.96,533.25,65.73,58.80,6.81,16.63,No,Solar Panel,8.62,2024-11-17 07:00:00
30.75,593.00,71.78,32.53,26.96,37.11,No,Inverter,1.25,2024-11-17 08:00:00
38.40,908.83,56.40,53.39,12.55,30.22,No,Solar Panel,4.10,2024-11-17 09:00:00
26.93,837.32,77.65,31.90,21.26,12.92,No,Battery,4.47,2024-11-17 10:00:00
26.94,457.24,56.70,32.47,13.23,45.29,Yes,Solar Panel,8.41,2024-11-17 11:00:00
34.75,657.22,62.41,48.66,14.79,42.67,No,Inverter,3.87,2024-11-17 12:00:00
29.04,417.50,70.13,39.18,11.55,30.87,No,Solar Panel,1.09,2024-11-17 13:00:00
24.49,688.53,81.86,57.60,13.58,20.24,No,Battery,10.96,2024-11-17 14:00:00
29.05,797.46,79.58,28.12,15.27,16.38,No,Inverter,4.49,2024-11-17 15:00:00
22.82,471.10,75.82,42.90,23.01,25.08,No,Solar Panel,6.79,2024-11-17 16:00:00
23.53,573.33,56.23,57.15,17.79,21.20,No,Solar Panel,1.91,2024-11-17 17:00:00
29.97,638.70,71.88,56.64,28.59,30.24,No,Charge Controller,12.04,2024-11-17 18:00:00
28.38,951.72,53.50,30.48,6.05,46.79,No,Solar Panel,8.48,2024-11-17 19:00:00
38.30,995.95,65.09,37.83,17.58,32.70,No,Charge Controller,13.52,2024-11-17 20:00:00
27.25,426.95,66.54,46.67,19.61,44.04,No,Battery,7.43,2024-11-17 21:00:00
31.61,856.60,51.59,30.58,28.00,35.43,No,Charge Controller,14.12,2024-11-17 22:00:00
32.65,623.03,60.96,58.88,6.23,29.11,No,Battery,13.38,2024-11-17 23:00:00
20.26,635.47,88.23,57.02,19.34,42.77,No,Solar Panel,8.65,2024-11-18 00:00:00
33.27,852.56,88.15,30.84,26.34,28.97,No,Solar Panel,14.01,2024-11-18 01:00:00
23.56,951.06,64.09,29.24,11.05,43.27,No,Charge Controller,4.85,2024-11-18 02:00:00
39.22,970.56,51.72,27.99,26.91,22.50,No,Battery,5.48,2024-11-18 03:00:00
22.97,746.27,57.16,56.83,5.48,16.64,No,Solar Panel,0.68,2024-11-18 04:00:00
28.29,614.27,65.69,31.78,23.31,42.79,No,Charge Controller,8.84,2024-11-18 05:00:00
21.71,872.53,87.91,39.57,28.33,33.15,No,Charge Controller,10.83,2024-11-18 06:00:00
39.94,550.60,55.65,40.71,21.43,44.01,No,Charge Controller,11.60,2024-11-18 07:00:00
30.04,738.44,80.54,45.97,15.98,45.76,Yes,Solar Panel,2.25,2024-11-18 08:00:00
31.91,615.15,54.35,27.51,6.12,13.93,No,Battery,6.66,2024-11-18 09:00:00
21.34,793.98,89.25,32.94,28.00,30.03,No,Solar Panel,2.65,2024-11-18 10:00:00
35.00,544.24,65.26,57.60,16.76,25.50,No,Inverter,9.93,2024-11-18 11:00:00
24.20,514.96,81.01,56.79,5.72,34.53,No,Inverter,2.37,2024-11-18 12:00:00
37.96,950.94,63.70,52.35,22.25,40.57,No,Solar Panel,13.56,2024-11-18 13:00:00
24.10,461.08,75.11,25.68,17.05,22.10,No,Battery,3.46,2024-11-18 14:00:00
23.81,703.57,57.68,36.45,8.11,32.04,No,Charge Controller,4.37,2024-11-18 15:00:00
20.73,532.51,55.84,46.98,10.36,37.51,No,Inverter,12.76,2024-11-18 16:00:00
29.44,423.36,87.52,34.63,6.61,16.84,No,Inverter,6.88,2024-11-18 17:00:00
31.30,421.61,86.71,56.84,19.36,41.31,No,Solar Panel,0.36,2024-11-18 18:00:00
21.31,505.13,85.50,47.19,20.55,33.82,No,Inverter,7.42,2024-11-18 19:00:00
35.51,920.06,75.02,27.52,17.64,46.18,No,Inverter,1.27,2024-11-18 20:00:00
29.07,569.49,82.33,56.82,25.43,24.22,No,Charge Controller,14.78,2024-11-18 21:00:00
30.49,970.28,52.76,58.52,26.53,15.89,No,Charge Controller,8.82,2024-11-18 22:00:00
28.82,748.97,63.39,27.72,20.39,30.23,No,Battery,3.85,2024-11-18 23:00:00
28.02,661.97,62.55,43.63,5.32,15.09,No,Inverter,8.46,2024-11-19 00:00:00
31.19,748.05,75.43,35.62,22.38,46.90,No,Battery,1.15,2024-11-19 01:00:00
23.10,710.02,64.24,38.75,15.45,13.39,No,Battery,12.00,2024-11-19 02:00:00
23.64,855.27,55.94,31.29,19.14,39.13,No,Charge Controller,13.88,2024-11-19 03:00:00
37.24,569.50,73.86,45.23,21.23,30.90,No,Charge Controller,13.12,2024-11-19 04:00:00
38.92,611.83,82.58,58.53,13.76,25.27,No,Solar Panel,5.13,2024-11-19 05:00:00
27.47,936.46,65.28,42.61,27.93,14.37,No,Charge Controller,4.89,2024-11-19 06:00:00
25.41,967.87,55.29,27.90,8.35,34.40,No,Battery,0.53,2024-11-19 07:00:00
32.88,935.53,57.87,46.70,21.79,33.07,No,Inverter,9.77,2024-11-19 08:00:00
28.17,651.67,59.50,36.91,5.11,22.11,Yes,Battery,8.02,2024-11-19 09:00:00
20.51,868.22,62.00,54.96,28.12,44.77,No,Battery,6.89,2024-11-19 10:00:00
23.12,685.80,75.71,40.21,7.81,22.95,No,Battery,13.61,2024-11-19 11:00:00
34.32,698.52,74.04,31.75,7.37,28.19,No,Charge Controller,2.52,2024-11-19 12:00:00
33.18,522.81,77.84,31.69,13.33,31.58,No,Battery,0.14,2024-11-19 13:00:00
20.54,754.68,64.50,51.91,14.34,15.61,No,Solar Panel,1.10,2024-11-19 14:00:00
24.44,511.68,82.96,34.30,10.36,45.56,No,Inverter,3.35,2024-11-19 15:00:00
24.62,598.94,58.16,51.85,19.63,25.48,No,Charge Controller,0.50,2024-11-19 16:00:00
33.44,913.02,68.76,32.21,16.07,14.91,No,Battery,7.54,2024-11-19 17:00:00
20.39,524.25,82.04,36.26,5.85,25.94,No,Solar Panel,4.71,2024-11-19 18:00:00
22.08,442.69,57.21,41.29,12.99,33.61,No,Inverter,2.71,2024-11-19 19:00:00
36.00,441.40,54.39,58.01,25.26,30.49,No,Battery,11.25,2024-11-19 20:00:00
23.57,964.47,85.35,57.61,22.24,37.00,Yes,Inverter,3.07,2024-11-19 21:00:00
33.05,704.15,63.72,32.24,23.12,14.00,No,Charge Controller,10.31,2024-11-19 22:00:00
24.76,645.65,77.35,37.54,22.45,22.24,No,Charge Controller,5.24,2024-11-19 23:00:00
21.99,886.53,51.01,30.23,12.77,41.49,No,Solar Panel,7.68,2024-11-20 00:00:00
24.86,901.50,77.60,42.85,7.49,14.88,No,Charge Controller,14.01,2024-11-20 01:00:00
34.45,599.31,62.64,41.12,11.81,42.80,No,Solar Panel,0.56,2024-11-20 02:00:00
37.11,816.17,52.23,56.53,25.79,15.31,No,Battery,7.50,2024-11-20 03:00:00
36.60,862.67,74.39,57.55,29.51,42.04,No,Inverter,12.82,2024-11-20 04:00:00
27.94,792.79,59.63,38.42,17.35,24.99,No,Charge Controller,8.82,2024-11-20 05:00:00
33.36,490.96,65.47,42.21,5.24,34.04,No,Inverter,4.15,2024-11-20 06:00:00
24.10,925.53,53.22,56.37,8.50,17.50,No,Inverter,5.97,2024-11-20 07:00:00
25.86,723.46,55.89,53.23,13.05,14.38,No,Battery,10.20,2024-11-20 08:00:00
37.93,569.48,61.92,25.13,19.46,19.77,No,Battery,13.36,2024-11-20 09:00:00
20.26,655.14,53.59,36.20,6.88,16.60,No,Charge Controller,0.62,2024-11-20 10:00:00
21.71,422.54,86.43,39.76,28.58,23.25,Yes,Battery,1.07,2024-11-20 11:00:00
24.16,476.72,50.24,33.04,14.13,30.52,No,Inverter,4.88,2024-11-20 12:00:00
20.53,859.33,69.35,31.99,27.81,33.20,No,Solar Panel,3.49,2024-11-20 13:00:00
23.63,400.01,54.93,26.32,24.51,40.44,Yes,Solar Panel,3.97,2024-11-20 14:00:00
31.66,649.94,62.31,47.52,23.89,35.62,No,Solar Panel,3.32,2024-11-20 15:00:00
28.43,713.51,87.04,34.19,20.17,33.92,No,Charge Controller,2.94,2024-11-20 16:00:00
37.85,432.78,56.47,26.83,20.67,26.82,No,Battery,1.96,2024-11-20 17:00:00
36.35,983.85,88.63,33.08,20.95,29.06,No,Battery,14.01,2024-11-20 18:00:00
26.84,535.68,58.23,53.07,20.72,26.92,No,Battery,2.16,2024-11-20 19:00:00
25.19,582.52,79.66,54.80,18.84,42.32,No,Battery,3.07,2024-11-20 20:00:00
27.59,582.37,71.87,41.91,29.66,20.28,No,Inverter,3.69,2024-11-20 21:00:00
31.81,538.25,85.38,39.56,23.31,12.21,No,Solar Panel,14.00,2024-11-20 22:00:00
25.36,400.88,72.16,59.22,24.42,35.45,No,Inverter,11.34,2024-11-20 23:00:00
32.48,837.61,71.38,32.02,26.81,19.29,No,Charge Controller,11.85,2024-11-21 00:00:00
28.19,980.11,57.82,32.54,10.39,44.04,No,Solar Panel,1.57,2024-11-21 01:00:00
31.04,534.58,56.65,35.22,7.10,42.93,No,Solar Panel,12.54,2024-11-21 02:00:00
28.72,797.83,86.66,31.05,17.07,14.76,No,Inverter,6.12,2024-11-21 03:00:00
25.89,845.14,63.11,38.28,17.85,15.83,No,Charge Controller,3.94,2024-11-21 04:00:00
38.97,909.06,64.88,56.88,25.73,29.83,No,Charge Controller,8.64,2024-11-21 05:00:00
35.27,653.58,80.39,46.54,16.09,33.93,Yes,Solar Panel,12.33,2024-11-21 06:00:00
22.80,581.76,63.55,39.42,19.27,21.90,No,Battery,11.68,2024-11-21 07:00:00
37.37,595.18,88.08,57.70,18.18,37.80,No,Charge Controller,13.35,2024-11-21 08:00:00
29.75,827.57,79.52,26.70,5.96,33.42,No,Inverter,13.92,2024-11-21 09:00:00
37.89,890.07,73.90,32.36,20.38,23.69,No,Charge Controller,3.57,2024-11-21 10:00:00
36.00,508.97,85.24,44.81,25.70,12.91,No,Solar Panel,6.36,2024-11-21 11:00:00
28.50,622.56,51.98,46.54,8.94,39.01,No,Battery,0.22,2024-11-21 12:00:00
20.45,941.16,60.28,26.38,19.86,19.73,No,Charge Controller,13.19,2024-11-21 13:00:00
25.37,884.02,68.60,39.11,19.84,42.04,No,Solar Panel,2.32,2024-11-21 14:00:00
30.83,990.92,59.08,47.72,9.10,27.13,No,Charge Controller,12.92,2024-11-21 15:00:00
32.67,852.55,79.76,49.43,8.09,32.77,No,Battery,4.94,2024-11-21 16:00:00
25.16,635.92,86.77,47.33,29.50,43.43,No,Inverter,5.52,2024-11-21 17:00:00
22.79,754.38,66.95,36.22,14.84,43.09,No,Solar Panel,0.59,2024-11-21 18:00:00
36.70,796.61,63.69,28.27,10.69,25.37,No,Solar Panel,4.90,2024-11-21 19:00:00
39.69,447.07,88.46,39.95,9.28,19.52,No,Battery,13.33,2024-11-21 20:00:00
30.51,726.70,67.79,29.51,21.69,39.91,No,Solar Panel,0.38,2024-11-21 21:00:00
23.43,825.59,69.56,58.17,20.24,27.59,No,Battery,6.09,2024-11-21 22:00:00
25.45,500.39,64.07,41.63,21.09,18.91,No,Solar Panel,0.47,2024-11-21 23:00:00
20.37,868.38,86.38,36.10,7.20,44.56,No,Battery,5.56,2024-11-22 00:00:00
38.29,750.26,72.76,51.82,27.34,19.13,Yes,Charge Controller,2.59,2024-11-22 01:00:00
22.36,971.33,80.49,42.43,14.73,12.93,No,Charge Controller,3.78,2024-11-22 02:00:00
31.53,425.45,82.47,35.85,12.83,12.73,No,Charge Controller,13.16,2024-11-22 03:00:00
25.48,559.20,63.67,53.42,16.56,34.40,No,Solar Panel,6.54,2024-11-22 04:00:00
31.08,760.93,67.35,55.35,14.75,35.82,No,Battery,4.11,2024-11-22 05:00:00
33.03,577.94,83.94,48.56,26.59,23.20,Yes,Battery,8.84,2024-11-22 06:00:00
36.59,828.65,64.53,26.64,28.23,23.52,No,Inverter,2.13,2024-11-22 07:00:00
24.13,855.40,81.76,44.82,12.59,24.22,No,Charge Controller,3.89,2024-11-22 08:00:00
20.22,461.51,87.64,51.72,26.60,36.49,No,Inverter,8.19,2024-11-22 09:00:00
22.74,708.31,74.93,29.78,24.54,14.09,No,Charge Controller,3.56,2024-11-22 10:00:00
38.00,705.33,79.67,33.00,28.27,45.45,No,Inverter,10.19,2024-11-22 11:00:00
37.48,621.57,82.20,55.89,11.14,20.01,No,Charge Controller,7.37,2024-11-22 12:00:00
31.95,959.75,83.80,25.70,19.42,47.99,Yes,Battery,11.58,2024-11-22 13:00:00
32.01,896.50,65.80,51.35,11.86,18.17,No,Charge Controller,14.22,2024-11-22 14:00:00
33.30,818.33,52.05,41.58,25.60,39.78,No,Solar Panel,1.74,2024-11-22 15:00:00
23.51,828.60,66.08,40.64,5.13,20.04,No,Charge Controller,5.02,2024-11-22 16:00:00
38.29,677.03,76.95,25.25,19.12,14.91,No,Charge Controller,4.79,2024-11-22 17:00:00
28.38,952.60,68.01,53.68,13.48,43.50,No,Battery,2.27,2024-11-22 18:00:00
27.66,816.76,79.96,37.59,13.07,42.92,No,Solar Panel,12.15,2024-11-22 19:00:00
30.38,837.39,64.28,43.93,21.12,26.53,No,Battery,11.40,2024-11-22 20:00:00
20.94,917.01,75.39,48.71,26.29,37.29,No,Inverter,7.27,2024-11-22 21:00:00
23.33,564.44,57.46,49.59,20.23,32.05,No,Inverter,8.07,2024-11-22 22:00:00
34.76,884.24,79.97,58.46,26.33,42.71,No,Solar Panel,0.89,2024-11-22 23:00:00
21.66,517.14,71.83,43.60,11.61,23.34,Yes,Inverter,8.33,2024-11-23 00:00:00
32.06,607.21,58.16,38.99,17.99,30.85,Yes,Solar Panel,11.87,2024-11-23 01:00:00
24.91,601.37,61.68,58.38,16.26,29.47,No,Charge Controller,8.61,2024-11-23 02:00:00
27.79,987.12,79.94,47.47,5.29,24.74,No,Inverter,3.98,2024-11-23 03:00:00
25.77,913.92,69.30,35.44,18.92,44.09,Yes,Charge Controller,10.01,2024-11-23 04:00:00
27.11,820.70,58.64,29.43,21.54,17.97,No,Battery,5.42,2024-11-23 05:00:00
34.38,836.23,88.69,54.49,19.80,17.38,No,Inverter,8.17,2024-11-23 06:00:00
25.94,737.24,78.61,37.68,23.41,32.77,No,Battery,7.31,2024-11-23 07:00:00
31.33,968.25,88.29,48.12,19.28,35.67,No,Battery,5.72,2024-11-23 08:00:00
29.52,697.76,67.08,41.48,6.67,19.01,No,Solar Panel,10.78,2024-11-23 09:00:00
33.27,628.31,69.00,31.96,7.91,26.07,No,Battery,13.26,2024-11-23 10:00:00
38.74,497.82,85.92,46.06,19.91,46.08,No,Solar Panel,0.08,2024-11-23 11:00:00
34.65,871.72,71.00,27.12,11.87,20.88,No,Solar Panel,14.00,2024-11-23 12:00:00
24.30,840.67,78.29,39.47,6.99,36.06,No,Solar Panel,7.67,2024-11-23 13:00:00
20.62,630.61,60.09,44.13,15.74,38.65,No,Solar Panel,10.51,2024-11-23 14:00:00
25.25,415.12,67.87,40.26,18.86,28.13,No,Solar Panel,12.83,2024-11-23 15:00:00
31.90,903.40,54.94,51.20,13.22,45.75,Yes,Charge Controller,7.01,2024-11-23 16:00:00
21.03,406.85,58.24,53.98,23.01,38.52,Yes,Solar Panel,12.52,2024-11-23 17:00:00
29.93,822.22,50.04,51.99,21.09,28.49,No,Inverter,2.66,2024-11-23 18:00:00
31.94,982.15,51.57,26.36,13.32,32.50,No,Solar Panel,2.39,2024-11-23 19:00:00
26.68,662.60,89.09,31.79,23.87,36.93,No,Charge Controller,9.86,2024-11-23 20:00:00
35.42,540.98,59.69,43.78,21.22,33.32,No,Inverter,13.05,2024-11-23 21:00:00
22.13,822.92,76.53,57.72,20.94,43.63,Yes,Inverter,13.39,2024-11-23 22:00:00
21.50,890.28,83.56,54.22,18.84,24.85,No,Charge Controller,9.66,2024-11-23 23:00:00
34.56,727.86,72.03,54.49,5.28,22.80,No,Inverter,7.88,2024-11-24 00:00:00
29.91,980.22,56.13,35.61,22.41,19.70,No,Charge Controller,4.97,2024-11-24 01:00:00
33.77,431.00,79.12,40.03,14.40,13.36,No,Battery,14.70,2024-11-24 02:00:00
28.70,702.88,74.01,41.47,28.57,13.55,Yes,Battery,4.80,2024-11-24 03:00:00
24.93,831.07,79.25,30.51,25.45,43.32,No,Solar Panel,11.16,2024-11-24 04:00:00
36.38,917.58,80.79,26.09,19.69,36.42,Yes,Solar Panel,7.98,2024-11-24 05:00:00
35.99,507.55,89.02,58.14,11.30,35.78,No,Solar Panel,9.13,2024-11-24 06:00:00
33.89,880.00,72.94,33.42,10.09,34.13,No,Solar Panel,5.90,2024-11-24 07:00:00
25.44,731.62,63.67,33.40,13.51,42.57,Yes,Charge Controller,14.47,2024-11-24 08:00:00
31.80,637.93,75.94,27.92,16.91,29.29,No,Battery,8.58,2024-11-24 09:00:00
27.22,479.03,52.74,57.50,12.40,43.33,No,Charge Controller,14.07,2024-11-24 10:00:00
21.83,919.18,85.90,45.29,17.87,24.94,No,Inverter,0.11,2024-11-24 11:00:00
38.35,494.36,54.78,48.35,9.13,45.36,No,Inverter,8.59,2024-11-24 12:00:00
22.74,585.87,63.11,56.91,29.44,37.15,No,Inverter,10.76,2024-11-24 13:00:00
39.00,574.03,82.63,37.10,7.70,21.26,No,Inverter,11.18,2024-11-24 14:00:00
28.92,922.85,73.89,46.75,28.30,32.31,Yes,Inverter,13.57,2024-11-24 15:00:00
23.70,803.62,65.75,26.36,27.84,31.19,No,Battery,0.07,2024-11-24 16:00:00
30.84,878.01,68.94,31.54,18.13,16.96,Yes,Charge Controller,0.00,2024-11-24 17:00:00
37.46,550.28,84.18,54.09,23.12,33.28,No,Inverter,7.08,2024-11-24 18:00:00
34.64,774.92,63.60,51.84,15.90,23.33,No,Solar Panel,0.44,2024-11-24 19:00:00
36.13,743.05,84.79,37.27,20.75,13.88,Yes,Battery,14.62,2024-11-24 20:00:00
33.18,899.70,53.53,38.19,13.51,46.15,No,Solar Panel,3.33,2024-11-24 21:00:00
33.85,943.65,81.07,43.67,12.53,35.09,No,Battery,7.09,2024-11-24 22:00:00
36.98,407.29,83.90,25.01,19.46,43.57,No,Battery,0.92,2024-11-24 23:00:00
24.99,804.41,57.27,33.44,17.45,36.34,No,Solar Panel,7.83,2024-11-25 00:00:00
29.79,431.10,67.21,32.29,19.49,24.85,No,Solar Panel,5.70,2024-11-25 01:00:00
24.42,729.32,56.62,33.77,12.17,30.46,No,Inverter,0.67,2024-11-25 02:00:00
39.75,572.58,78.26,53.21,14.17,36.33,No,Solar Panel,5.03,2024-11-25 03:00:00
38.88,584.07,71.41,34.79,7.10,46.57,No,Charge Controller,5.87,2024-11-25 04:00:00
20.79,611.78,75.41,31.70,6.31,21.13,No,Battery,14.85,2024-11-25 05:00:00
34.11,772.78,57.86,42.65,11.34,43.50,No,Battery,3.12,2024-11-25 06:00:00
38.50,600.43,58.47,55.30,6.86,45.27,No,Inverter,8.17,2024-11-25 07:00:00
23.61,839.62,51.66,33.45,7.59,36.13,No,Battery,14.81,2024-11-25 08:00:00
31.36,642.72,62.88,27.75,25.32,45.53,No,Solar Panel,11.88,2024-11-25 09:00:00
38.31,441.01,72.39,37.47,5.97,26.32,No,Battery,14.90,2024-11-25 10:00:00
20.68,870.26,84.32,51.17,21.47,46.31,No,Battery,14.52,2024-11-25 11:00:00
33.95,571.45,76.68,44.27,11.81,37.30,No,Solar Panel,7.34,2024-11-25 12:00:00
25.95,659.66,67.42,53.59,26.79,13.51,No,Solar Panel,10.45,2024-11-25 13:00:00
38.49,811.27,88.12,58.59,17.12,44.65,No,Battery,1.66,2024-11-25 14:00:00
39.42,599.47,78.77,52.74,12.64,29.44,No,Charge Controller,6.62,2024-11-25 15:00:00
38.89,433.95,87.21,46.13,17.94,28.57,No,Solar Panel,12.14,2024-11-25 16:00:00
29.48,624.35,71.10,42.27,14.55,32.39,Yes,Charge Controller,7.58,2024-11-25 17:00:00
37.24,966.67,60.36,26.40,19.11,17.38,Yes,Charge Controller,10.54,2024-11-25 18:00:00
36.89,785.04,52.11,59.45,7.86,28.89,No,Inverter,11.19,2024-11-25 19:00:00
26.38,802.89,79.04,38.42,29.92,41.92,No,Charge Controller,3.80,2024-11-25 20:00:00
36.58,779.37,54.85,30.33,15.64,12.56,No,Inverter,13.14,2024-11-25 21:00:00
20.74,519.40,62.11,48.33,13.71,21.83,No,Charge Controller,6.90,2024-11-25 22:00:00
31.93,651.00,71.30,34.95,22.76,12.09,No,Inverter,3.15,2024-11-25 23:00:00
24.60,850.56,72.58,45.50,14.10,26.97,No,Solar Panel,12.98,2024-11-26 00:00:00
22.41,460.82,74.02,45.54,25.83,38.22,Yes,Battery,6.27,2024-11-26 01:00:00
21.54,566.71,56.65,40.60,16.36,40.76,Yes,Battery,11.25,2024-11-26 02:00:00
33.93,565.79,65.19,54.26,22.99,46.03,No,Inverter,8.22,2024-11-26 03:00:00
26.80,659.21,74.69,34.27,7.69,33.91,No,Solar Panel,5.73,2024-11-26 04:00:00
34.50,988.22,88.79,40.70,26.15,21.17,No,Inverter,12.15,2024-11-26 05:00:00
21.31,440.50,79.11,43.82,23.39,45.27,No,Inverter,8.77,2024-11-26 06:00:00
26.31,711.22,86.90,48.23,10.29,39.91,No,Solar Panel,5.86,2024-11-26 07:00:00
30.79,507.62,80.49,52.44,8.63,32.68,No,Charge Controller,1.64,2024-11-26 08:00:00
35.81,982.41,73.67,38.82,12.91,37.04,No,Charge Controller,13.43,2024-11-26 09:00:00
26.38,467.98,57.68,47.61,29.40,45.28,No,Solar Panel,0.53,2024-11-26 10:00:00
32.52,642.16,76.67,30.27,11.42,37.65,No,Inverter,12.95,2024-11-26 11:00:00
37.72,842.73,74.94,57.64,16.40,25.26,No,Battery,5.40,2024-11-26 12:00:00
32.32,822.73,74.10,38.41,5.75,37.67,No,Inverter,9.59,2024-11-26 13:00:00
24.66,653.64,69.59,50.53,14.93,13.45,No,Charge Controller,13.83,2024-11-26 14:00:00
20.49,607.91,71.15,25.71,19.28,25.91,No,Solar Panel,2.28,2024-11-26 15:00:00
37.40,638.57,63.38,32.18,28.83,26.63,No,Solar Panel,8.50,2024-11-26 16:00:00
20.43,558.57,70.77,42.05,17.92,18.01,No,Solar Panel,11.47,2024-11-26 17:00:00
37.49,523.20,57.90,55.74,25.48,12.83,No,Charge Controller,11.36,2024-11-26 18:00:00
30.58,689.82,82.21,43.45,18.68,16.80,No,Inverter,7.88,2024-11-26 19:00:00
38.78,561.12,57.43,57.55,6.02,35.57,No,Solar Panel,9.37,2024-11-26 20:00:00
35.98,572.48,53.40,41.93,12.88,40.88,No,Battery,11.36,2024-11-26 21:00:00
39.96,794.05,67.45,42.17,19.39,47.58,Yes,Solar Panel,12.62,2024-11-26 22:00:00
27.01,981.12,76.33,29.19,28.76,24.47,No,Inverter,11.43,2024-11-26 23:00:00
35.34,762.18,67.51,53.09,26.48,33.58,No,Charge Controller,5.31,2024-11-27 00:00:00
28.04,446.19,61.07,33.64,10.71,45.74,Yes,Battery,14.95,2024-11-27 01:00:00
29.60,445.35,72.33,56.49,10.50,18.01,No,Battery,6.52,2024-11-27 02:00:00
32.55,970.85,63.88,56.88,10.03,37.84,No,Solar Panel,0.37,2024-11-27 03:00:00
37.47,578.37,87.31,58.02,28.06,39.18,No,Inverter,5.44,2024-11-27 04:00:00
39.68,455.24,86.91,43.21,26.32,15.20,No,Solar Panel,1.92,2024-11-27 05:00:00
35.37,759.43,70.09,48.70,24.37,43.00,No,Battery,1.82,2024-11-27 06:00:00
28.36,774.19,63.12,52.25,14.82,41.27,No,Solar Panel,4.22,2024-11-27 07:00:00
28.43,789.10,79.49,29.59,17.61,13.20,No,Inverter,0.80,2024-11-27 08:00:00
34.75,560.44,51.47,46.03,16.61,15.28,No,Charge Controller,10.33,2024-11-27 09:00:00
24.78,409.07,68.99,26.20,11.33,13.77,No,Battery,1.11,2024-11-27 10:00:00
22.21,979.01,63.45,42.41,17.63,24.05,No,Inverter,3.05,2024-11-27 11:00:00
27.09,550.54,86.82,30.42,5.76,30.33,No,Solar Panel,1.39,2024-11-27 12:00:00
25.74,805.62,50.48,31.40,8.30,31.16,No,Battery,0.95,2024-11-27 13:00:00
25.93,823.98,72.11,37.78,27.16,21.64,No,Solar Panel,4.02,2024-11-27 14:00:00
24.67,766.00,79.63,40.14,23.79,44.82,No,Solar Panel,8.58,2024-11-27 15:00:00
20.84,587.74,69.40,46.81,15.57,25.26,No,Charge Controller,14.47,2024-11-27 16:00:00
20.36,562.66,53.42,27.60,17.93,13.64,No,Solar Panel,13.13,2024-11-27 17:00:00
39.75,758.60,88.90,42.63,14.25,22.81,No,Solar Panel,13.14,2024-11-27 18:00:00
28.56,919.66,70.72,31.39,23.52,31.12,No,Inverter,2.64,2024-11-27 19:00:00
27.69,968.04,74.57,45.09,24.60,26.70,No,Solar Panel,3.97,2024-11-27 20:00:00
33.59,463.54,59.46,47.31,24.08,21.86,No,Charge Controller,1.15,2024-11-27 21:00:00
24.37,492.90,69.34,44.48,23.07,16.73,No,Solar Panel,11.68,2024-11-27 22:00:00
39.00,966.84,67.17,50.84,10.11,41.49,No,Solar Panel,1.05,2024-11-27 23:00:00
35.73,841.92,53.00,36.75,13.45,47.86,No,Solar Panel,8.35,2024-11-28 00:00:00
21.79,929.80,54.25,51.78,16.75,23.86,No,Battery,3.72,2024-11-28 01:00:00
28.35,521.58,83.50,40.15,13.27,25.74,No,Charge Controller,3.65,2024-11-28 02:00:00
37.58,752.55,59.59,41.95,23.87,34.25,No,Battery,14.86,2024-11-28 03:00:00
38.89,820.68,57.80,47.68,13.23,37.86,No,Charge Controller,11.35,2024-11-28 04:00:00
29.35,808.07,70.20,25.64,8.46,26.11,Yes,Charge Controller,12.55,2024-11-28 05:00:00
32.27,644.89,80.75,47.89,14.98,44.58,No,Inverter,8.58,2024-11-28 06:00:00
23.34,409.24,52.48,46.65,29.50,32.16,No,Battery,13.07,2024-11-28 07:00:00
39.82,749.76,73.07,35.84,10.65,28.21,No,Charge Controller,9.68,2024-11-28 08:00:00
24.63,551.86,54.77,28.00,20.30,35.28,No,Charge Controller,14.19,2024-11-28 09:00:00
38.85,670.15,51.46,28.18,15.82,46.30,No,Inverter,4.22,2024-11-28 10:00:00
32.99,974.55,52.11,57.31,6.78,40.60,No,Battery,8.93,2024-11-28 11:00:00
32.15,639.42,83.37,49.12,17.20,13.44,No,Solar Panel,10.35,2024-11-28 12:00:00
30.25,903.88,54.72,29.45,22.55,23.96,No,Inverter,5.89,2024-11-28 13:00:00
24.61,513.12,51.81,37.49,17.83,28.94,No,Charge Controller,13.20,2024-11-28 14:00:00
23.53,803.48,67.52,45.74,26.80,23.32,No,Battery,14.70,2024-11-28 15:00:00
24.41,986.20,83.76,54.25,12.22,37.21,No,Charge Controller,7.41,2024-11-28 16:00:00
23.73,461.14,60.50,26.53,7.16,41.75,Yes,Inverter,5.86,2024-11-28 17:00:00
35.59,404.99,66.87,33.28,28.41,38.33,No,Inverter,7.08,2024-11-28 18:00:00
27.00,660.15,51.60,56.14,14.45,47.62,No,Battery,12.79,2024-11-28 19:00:00
21.16,455.58,67.96,25.32,19.41,21.81,No,Inverter,9.68,2024-11-28 20:00:00
39.38,849.03,73.10,32.05,24.80,43.50,No,Inverter,0.67,2024-11-28 21:00:00
37.68,948.73,72.84,58.57,13.11,39.60,No,Solar Panel,8.13,2024-11-28 22:00:00
38.56,660.41,63.30,46.47,22.90,25.04,No,Charge Controller,0.26,2024-11-28 23:00:00
39.90,555.23,62.62,34.16,8.39,38.43,No,Solar Panel,11.68,2024-11-29 00:00:00
23.48,660.64,54.26,27.34,12.28,15.75,No,Solar Panel,4.92,2024-11-29 01:00:00
27.92,834.07,64.67,25.99,8.62,40.42,No,Battery,7.08,2024-11-29 02:00:00
35.16,405.43,53.98,33.57,25.28,31.16,No,Inverter,11.98,2024-11-29 03:00:00
33.92,753.67,80.66,55.85,10.57,22.52,No,Charge Controller,0.70,2024-11-29 04:00:00
23.08,767.98,88.65,39.56,22.94,35.61,No,Charge Controller,2.38,2024-11-29 05:00:00
36.32,782.61,88.80,50.21,28.58,35.10,No,Charge Controller,5.97,2024-11-29 06:00:00
24.49,545.21,84.60,57.14,18.19,19.54,No,Inverter,3.45,2024-11-29 07:00:00
24.48,828.43,74.03,39.28,18.50,13.09,Yes,Charge Controller,5.07,2024-11-29 08:00:00
30.74,454.83,78.03,31.69,16.53,27.61,No,Charge Controller,14.97,2024-11-29 09:00:00
31.86,519.56,61.41,43.10,13.15,32.50,No,Inverter,12.38,2024-11-29 10:00:00
31.60,926.48,75.23,56.78,16.89,43.56,No,Battery,13.26,2024-11-29 11:00:00
21.83,843.23,68.23,53.15,20.07,45.42,No,Charge Controller,14.06,2024-11-29 12:00:00
37.55,408.25,69.28,27.30,29.65,31.04,No,Inverter,5.11,2024-11-29 13:00:00
25.31,549.03,80.31,49.24,28.44,39.14,No,Solar Panel,4.46,2024-11-29 14:00:00
22.59,528.64,61.28,45.02,26.55,27.81,No,Inverter,3.51,2024-11-29 15:00:00
37.77,562.48,62.72,56.76,27.23,38.86,No,Solar Panel,12.45,2024-11-29 16:00:00
39.11,548.54,86.99,29.29,16.70,19.37,Yes,Inverter,10.19,2024-11-29 17:00:00
37.24,437.52,52.25,43.69,21.44,25.36,Yes,Charge Controller,3.54,2024-11-29 18:00:00
36.19,675.36,69.43,55.78,27.38,34.83,No,Battery,5.65,2024-11-29 19:00:00
33.10,839.64,86.51,39.35,14.82,12.65,No,Battery,7.60,2024-11-29 20:00:00
31.02,764.04,74.41,41.87,29.04,38.01,Yes,Charge Controller,7.92,2024-11-29 21:00:00
21.74,803.72,71.86,27.47,15.39,42.08,No,Solar Panel,13.33,2024-11-29 22:00:00
28.17,448.69,59.99,34.74,20.03,26.37,No,Inverter,5.71,2024-11-29 23:00:00
27.45,970.89,63.73,36.36,22.75,28.13,No,Charge Controller,13.63,2024-11-30 00:00:00
25.20,903.10,84.08,58.08,28.76,42.65,No,Inverter,6.62,2024-11-30 01:00:00
34.47,883.05,72.37,34.89,11.12,39.92,No,Charge Controller,11.20,2024-11-30 02:00:00
29.92,893.79,70.59,41.13,23.65,22.37,No,Charge Controller,13.95,2024-11-30 03:00:00
21.62,959.63,53.98,48.50,18.02,23.66,No,Inverter,13.61,2024-11-30 04:00:00
24.40,726.55,50.64,30.68,11.71,36.44,No,Battery,0.85,2024-11-30 05:00:00
33.67,520.17,88.55,42.03,24.42,32.28,No,Battery,3.09,2024-11-30 06:00:00
21.52,770.07,65.08,50.85,18.81,17.84,No,Solar Panel,7.15,2024-11-30 07:00:00
37.02,845.73,74.13,55.34,21.52,23.16,No,Inverter,6.47,2024-11-30 08:00:00
29.90,842.75,53.19,46.92,13.07,44.40,Yes,Solar Panel,9.61,2024-11-30 09:00:00
29.61,712.87,77.32,48.42,17.03,36.77,No,Charge Controller,14.17,2024-11-30 10:00:00
31.85,441.08,87.30,29.42,20.43,47.50,Yes,Solar Panel,1.69,2024-11-30 11:00:00
36.49,622.67,73.03,58.10,15.12,39.61,No,Charge Controller,6.78,2024-11-30 12:00:00
26.96,952.46,55.04,29.64,9.96,45.91,No,Inverter,2.89,2024-11-30 13:00:00
33.56,750.67,73.27,52.11,29.04,19.78,No,Inverter,13.41,2024-11-30 14:00:00
31.31,723.00,80.65,34.27,17.79,39.77,Yes,Inverter,14.47,2024-11-30 15:00:00
25.34,561.31,66.26,57.68,23.35,12.73,No,Inverter,7.18,2024-11-30 16:00:00
37.57,621.07,85.19,50.20,15.28,36.15,No,Solar Panel,1.56,2024-11-30 17:00:00
35.95,937.21,75.95,51.38,13.88,28.89,No,Charge Controller,11.78,2024-11-30 18:00:00
33.17,799.88,85.97,32.67,15.18,24.48,No,Battery,10.46,2024-11-30 19:00:00
37.01,872.43,74.94,40.51,15.23,43.05,No,Inverter,5.32,2024-11-30 20:00:00
37.35,672.61,55.25,46.62,18.60,42.75,No,Inverter,13.31,2024-11-30 21:00:00
34.17,778.15,62.39,51.95,18.59,12.80,No,Charge Controller,14.64,2024-11-30 22:00:00
36.74,549.03,58.07,28.64,17.43,33.94,Yes,Battery,8.37,2024-11-30 23:00:00
